Symbol,Name
A,Agilent Technologies Inc.
AA,Alcoa Corporation 
AAP,Advance Auto Parts Inc.
AAT,American Assets Trust Inc.
AB,AllianceBernstein Holding L.P.
ABBV,AbbVie Inc.
ABCB,Ameris Bancorp
ABG,Asbury Automotive Group Inc
ABM,ABM Industries Incorporated
ABR,Arbor Realty Trust
ABT,Abbott Laboratories
AC,Associated Capital Group Inc.
ACA,Arcosa Inc. 
ACCO,Acco Brands Corporation
ACEL,Accel Entertainment Inc. 
ACHR,Archer Aviation Inc. Class A
ACI,Albertsons Companies Inc. Class A
ACM,AECOM
ACVA,ACV Auctions Inc. Class A
ADC,Agree Realty Corporation
ADM,Archer-Daniels-Midland Company
ADNT,Adient plc Ordinary Shares 
ADT,ADT Inc.
AEE,Ameren Corporation
AEO,American Eagle Outfitters Inc.
AES,The AES Corporation
AESI,Atlas Energy Solutions Inc.
AFG,American Financial Group Inc.
AFL,AFLAC Incorporated
AGCO,AGCO Corporation
AGL,agilon health inc.
AGM,Federal Agricultural Mortgage Corporation
AGS,PlayAGS Inc.
AGX,Argan Inc.
AHH,Armada Hoffler Properties Inc.
AHR,American Healthcare REIT Inc.
AI,C3.ai Inc. Class A
AIG,American International Group Inc.
AIN,Albany International Corporation
AIR,AAR Corp.
AIT,Applied Industrial Technologies Inc.
AIV,Apartment Investment and Management Company
AIZ,Assurant Inc.
AJG,Arthur J. Gallagher & Co.
AKR,Acadia Realty Trust
AL,Air Lease Corporation Class A
ALB,Albemarle Corporation
ALE,Allete Inc.
ALEX,Alexander & Baldwin Inc. REIT
ALG,Alamo Group Inc.
ALIT,Alight Inc. Class A
ALK,Alaska Air Group Inc.
ALL,Allstate Corporation
ALLE,Allegion plc Ordinary Shares
ALLY,Ally Financial Inc.
ALSN,Allison Transmission Holdings Inc.
ALX,Alexander's Inc.
AM,Antero Midstream Corporation
AMBC,Ambac Financial Group Inc.
AMC,AMC Entertainment Holdings Inc. Class A
AME,AMETEK Inc.
AMG,Affiliated Managers Group Inc.
AMH,American Homes 4 Rent
AMN,AMN Healthcare Services Inc
AMP,Ameriprise Financial Inc.
AMPX,Amprius Technologies Inc.
AMR,Alpha Metallurgical Resources Inc.
AMRC,Ameresco Inc. Class A
AMT,American Tower Corporation (REIT)
AMTB,Amerant Bancorp Inc. Class A
AMTM,Amentum Holdings Inc.
AN,AutoNation Inc.
ANET,Arista Networks Inc.
ANF,Abercrombie & Fitch Company
AON,Aon plc Class A Ordinary Shares
AORT,Artivion Inc.
AOS,A.O. Smith Corporation
APAM,Artisan Partners Asset Management Inc. Class A
APD,Air Products and Chemicals Inc.
APG,APi Group Corporation
APH,Amphenol Corporation
APLE,Apple Hospitality REIT Inc.
APO,Apollo Global Management Inc.
AQN,Algonquin Power & Utilities Corp.
AR,Antero Resources Corporation
ARDC,Ares Dynamic Credit Allocation Fund Inc.
ARDT,Ardent Health Inc.
ARE,Alexandria Real Estate Equities Inc.
ARES,Ares Management Corporation Class A
ARI,Apollo Commercial Real Estate Finance Inc
ARIS,Aris Water Solutions Inc. Class A
ARLO,Arlo Technologies Inc.
ARMK,Aramark
AROC,Archrock Inc.
ARR,ARMOUR Residential REIT Inc.
ARW,Arrow Electronics Inc.
ASA,ASA  Gold and Precious Metals Limited
ASAN,Asana Inc. Class A
ASB,Associated Banc-Corp
ASGN,ASGN Incorporated
ASH,Ashland Inc.
ASIX,AdvanSix Inc. 
ASPN,Aspen Aerogels Inc.
ATEN,A10 Networks Inc.
ATGE,Adtalem Global Education Inc.
ATI,ATI Inc.
ATKR,Atkore Inc.
ATMU,Atmus Filtration Technologies Inc.
ATO,Atmos Energy Corporation
ATR,AptarGroup Inc.
ATUS,Altice USA Inc. Class A
AUB,Atlantic Union Bankshares Corporation
AVA,Avista Corporation
AVB,AvalonBay Communities Inc.
AVNS,Avanos Medical Inc.
AVNT,Avient Corporation
AVTR,Avantor Inc.
AVY,Avery Dennison Corporation
AWI,Armstrong World Industries Inc
AWK,American Water Works Company Inc.
AWR,American States Water Company
AX,Axos Financial Inc.
AXL,American Axle & Manufacturing Holdings Inc.
AXP,American Express Company
AXTA,Axalta Coating Systems Ltd.
AYI,Acuity Inc.
AZEK,The AZEK Company Inc. Class A
AZO,AutoZone Inc.
AZZ,AZZ Inc.
BA,Boeing Company
BAC,Bank of America Corporation
BAH,Booz Allen Hamilton Holding Corporation
BALL,Ball Corporation
BALY,Bally's Corporation
BANC,Banc of California Inc.
BAX,Baxter International Inc.
BBAI,BigBear.ai Inc.
BBDC,Barings BDC Inc.
BBW,Build-A-Bear Workshop Inc.
BBWI,Bath & Body Works Inc.
BBY,Best Buy Co. Inc.
BC,Brunswick Corporation
BCAT,BlackRock Capital Allocation Term Trust
BCC,Boise Cascade L.L.C.
BCO,Brinks Company
BCSF,Bain Capital Specialty Finance Inc.
BCX,BlackRock Resources
BDC,Belden Inc
BDJ,Blackrock Enhanced Equity Dividend Trust
BDN,Brandywine Realty Trust
BDX,Becton Dickinson and Company
BE,Bloom Energy Corporation Class A
BEN,Franklin Resources Inc.
BFAM,Bright Horizons Family Solutions Inc.
BFH,Bread Financial Holdings Inc.
BFLY,Butterfly Network Inc. Class A
BFS,Saul Centers Inc.
BG,Bunge Limited
BGR,BlackRock Energy and Resources Trust
BGS,B&G Foods Inc.
BH,Biglari Holdings Inc. Class B
BHE,Benchmark Electronics Inc.
BHLB,Berkshire Hills Bancorp Inc.
BHVN,Biohaven Ltd. 
BILL,BILL Holdings Inc.
BIO,Bio-Rad Laboratories Inc. Class A
BJ,BJ's Wholesale Club Holdings Inc.
BK,The Bank of New York Mellon Corporation
BKD,Brookdale Senior Living Inc.
BKE,Buckle Inc.
BKH,Black Hills Corporation
BKSY,BlackSky Technology Inc. Class A
BKT,BlackRock Income Trust Inc.
BKU,BankUnited Inc.
BKV,BKV Corporation
BLD,TopBuild Corp.
BLDR,Builders FirstSource Inc.
BLK,BlackRock Inc.
BLND,Blend Labs Inc. Class A
BLW,Blackrock Limited Duration Income Trust
BME,Blackrock Health Sciences Trust
BMI,Badger Meter Inc.
BMY,Bristol-Myers Squibb Company
BNED,Barnes & Noble Education Inc
BNL,Broadstone Net Lease Inc.
BOC,Boston Omaha Corporation Class A
BOH,Bank of Hawaii Corporation
BOOT,Boot Barn Holdings Inc.
BOW,Bowhead Specialty Holdings Inc.
BOX,Box Inc. Class A
BR,Broadridge Financial Solutions Inc.
BRBR,BellRing Brands Inc. 
BRC,Brady Corporation
BRDG,Bridge Investment Group Holdings Inc. Class A
BRK/A,Berkshire Hathaway Inc.
BRK/B,Berkshire Hathaway Inc.
BRO,Brown & Brown Inc.
BROS,Dutch Bros Inc. Class A
BRSP,BrightSpire Capital Inc. Class A
BRX,Brixmor Property Group Inc.
BSX,Boston Scientific Corporation
BTU,Peabody Energy Corporation 
BTZ,BlackRock Credit Allocation Income Trust
BURL,Burlington Stores Inc.
BV,BrightView Holdings Inc.
BWA,BorgWarner Inc.
BWXT,BWX Technologies Inc.
BX,Blackstone Inc.
BXC,Bluelinx Holdings Inc.
BXMT,Blackstone Mortgage Trust Inc.
BXP,BXP Inc.
BY,Byline Bancorp Inc.
BYD,Boyd Gaming Corporation
BYON,Beyond Inc.
BZH,Beazer Homes USA Inc.
C,Citigroup Inc.
CABO,Cable One Inc.
CACI,CACI International Inc. Class A
CADE,Cadence Bank
CAG,ConAgra Brands Inc.
CAH,Cardinal Health Inc.
CAL,Caleres Inc.
CALX,Calix Inc
CARR,Carrier Global Corporation 
CARS,Cars.com Inc. 
CAT,Caterpillar Inc.
CAVA,CAVA Group Inc.
CBL,CBL & Associates Properties Inc.
CBRE,CBRE Group Inc. Class A
CBT,Cabot Corporation
CBU,Community Financial System Inc.
CBZ,CBIZ Inc.
CC,Chemours Company
CCI,Crown Castle Inc.
CCK,Crown Holdings Inc.
CCL,Carnival Corporation
CCO,Clear Channel Outdoor Holdings Inc.
CCS,Century Communities Inc.
CCZ,Comcast Holdings ZONES
CDE,Coeur Mining Inc.
CDP,COPT Defense Properties
CDRE,Cadre Holdings Inc.
CE,Celanese Corporation
CF,CF Industries Holdings Inc.
CFG,Citizens Financial Group Inc.
CFR,Cullen/Frost Bankers Inc.
CHCT,Community Healthcare Trust Incorporated
CHD,Church & Dwight Company Inc.
CHE,Chemed Corp
CHH,Choice Hotels International Inc.
CHPT,ChargePoint Holdings Inc.
CHWY,Chewy Inc. Class A
CI,The Cigna Group
CIEN,Ciena Corporation
CII,BlackRock Enhanced Large Cap Core Fund Inc.
CIM,Chimera Investment Corporation
CION,CION Investment Corporation
CIVI,Civitas Resources Inc.
CL,Colgate-Palmolive Company
CLDT,Chatham Lodging Trust (REIT)
CLF,Cleveland-Cliffs Inc.
CLH,Clean Harbors Inc.
CLW,Clearwater Paper Corporation
CLX,Clorox Company
CMA,Comerica Incorporated
CMC,Commercial Metals Company
CMG,Chipotle Mexican Grill Inc.
CMI,Cummins Inc.
CMP,Compass Minerals Intl Inc
CMS,CMS Energy Corporation
CMTG,Claros Mortgage Trust Inc.
CNA,CNA Financial Corporation
CNC,Centene Corporation
CNK,Cinemark Holdings Inc. Cinemark Holdings Inc.
CNM,Core & Main Inc. Class A
CNMD,CONMED Corporation
CNNE,Cannae Holdings Inc.
CNO,CNO Financial Group Inc.
CNP,CenterPoint Energy Inc.
CNR,Core Natural Resources Inc.
CNS,Cohen & Steers Inc
CNX,CNX Resources Corporation
COF,Capital One Financial Corporation
COHR,Coherent Corp.
COLD,Americold Realty Trust Inc.
COMP,Compass Inc. Class A
CON,Concentra Group Holdings Parent Inc.
COP,ConocoPhillips
COR,Cencora Inc.
COTY,Coty Inc. Class A
COUR,Coursera Inc.
CPAY,Corpay Inc.
CPF,Central Pacific Financial Corp
CPK,Chesapeake Utilities Corporation
CPNG,Coupang Inc. Class A
CPS,Cooper-Standard Holdings Inc.
CPT,Camden Property Trust
CQP,Cheniere Energy Partners LP
CR,Crane Company
CRBG,Corebridge Financial Inc.
CRC,California Resources Corporation
CRGY,Crescent Energy Company Class A
CRI,Carter's Inc.
CRK,Comstock Resources Inc.
CRL,Charles River Laboratories International Inc.
CRM,Salesforce Inc.
CRS,Carpenter Technology Corporation
CSL,Carlisle Companies Incorporated
CSR,D/B/A Centerspace
CSV,Carriage Services Inc.
CSW,CSW Industrials Inc.
CTEV,Claritev Corporation Class A
CTO,CTO Realty Growth Inc.
CTRA,Coterra Energy Inc.
CTRE,CareTrust REIT Inc.
CTS,CTS Corporation
CTVA,Corteva Inc. 
CUBE,CubeSmart
CUBI,Customers Bancorp Inc
CUK,Carnival Plc ADS ADS
CURB,Curbline Properties Corp.
CURV,Torrid Holdings Inc.
CUZ,Cousins Properties Incorporated
CVI,CVR Energy Inc.
CVLG,Covenant Logistics Group Inc. Class A
CVNA,Carvana Co. Class A
CVS,CVS Health Corporation
CVX,Chevron Corporation
CW,Curtiss-Wright Corporation
CWAN,Clearwater Analytics Holdings Inc. Class A
CWEN,Clearway Energy Inc. Class C
CWH,Camping World Holdings Inc. Class A
CWT,California Water Service Group
CXM,Sprinklr Inc. Class A
CXT,Crane NXT Co.
CXW,CoreCivic Inc.
CYH,Community Health Systems Inc.
D,Dominion Energy Inc.
DAL,Delta Air Lines Inc.
DAN,Dana Incorporated 
DAR,Darling Ingredients Inc.
DAY,Dayforce Inc.
DBD,Diebold Nixdorf Incorporated
DBRG,DigitalBridge Group Inc.
DCI,Donaldson Company Inc.
DCO,Ducommun Incorporated
DD,DuPont de Nemours Inc.
DDS,Dillard's Inc.
DDT,Dillard's Capital Trust I
DE,Deere & Company
DEA,Easterly Government Properties Inc.
DECK,Deckers Outdoor Corporation
DEI,Douglas Emmett Inc.
DELL,Dell Technologies Inc. Class C 
DFH,Dream Finders Homes Inc. Class A
DFIN,Donnelley Financial Solutions Inc. 
DG,Dollar General Corporation
DGX,Quest Diagnostics Incorporated
DHI,D.R. Horton Inc.
DHR,Danaher Corporation
DIN,Dine Brands Global Inc.
DINO,HF Sinclair Corporation
DIS,Walt Disney Company
DK,Delek US Holdings Inc.
DKL,Delek Logistics Partners L.P.
DKS,Dick's Sporting Goods Inc
DLB,Dolby Laboratories
DLR,Digital Realty Trust Inc.
DLX,Deluxe Corporation
DLY,DoubleLine Yield Opportunities Fund
DNA,Ginkgo Bioworks Holdings Inc. Class A
DNB,Dun & Bradstreet Holdings Inc.
DNOW,DNOW Inc.
DOC,Healthpeak Properties Inc.
DOCN,DigitalOcean Holdings Inc.
DOCS,Doximity Inc. Class A
DOV,Dover Corporation
DOW,Dow Inc. 
DRH,Diamondrock Hospitality Company
DRI,Darden Restaurants Inc.
DSL,DoubleLine Income Solutions Funds
DT,Dynatrace Inc.
DTE,DTE Energy Company
DTM,DT Midstream Inc. 
DUK,Duke Energy Corporation
DV,DoubleVerify Holdings Inc.
DVA,DaVita Inc.
DVN,Devon Energy Corporation
DX,Dynex Capital Inc.
DXC,DXC Technology Company 
DY,Dycom Industries Inc.
EAT,Brinker International Inc.
EBF,Ennis Inc.
EBS,Emergent BioSolutions Inc.
ECAT,BlackRock ESG Capital Allocation Term Trust
ECC           ,Eagle Point Credit Company Inc.
ECG,Everus Construction Group Inc.
ECL,Ecolab Inc.
ECVT,Ecovyst Inc.
ED,Consolidated Edison Inc.
EE,Excelerate Energy Inc. Class A
EEX,Emerald Holding Inc.
EFC,Ellington Financial Inc. 
EFT,Eaton Vance Floating Rate Income Trust
EFX,Equifax Inc.
EGP,EastGroup Properties Inc.
EGY,VAALCO Energy Inc. 
EHAB,Enhabit Inc.
EHC,Encompass Health Corporation
EIG,Employers Holdings Inc
EIX,Edison International
EL,Estee Lauder Companies Inc.
ELAN,Elanco Animal Health Incorporated
ELF,e.l.f. Beauty Inc.
ELME,Elme Communities
ELS,Equity Lifestyle Properties Inc.
ELV,Elevance Health Inc.
EME,EMCOR Group Inc.
EMN,Eastman Chemical Company
EMR,Emerson Electric Company
ENOV,Enovis Corporation
ENR,Energizer Holdings Inc.
ENS,EnerSys
ENVA,Enova International Inc.
EOG,EOG Resources Inc.
EPAC,Enerpac Tool Group Corp.
EPAM,EPAM Systems Inc.
EPC,Edgewell Personal Care Company
EPD,Enterprise Products Partners L.P.
EPR,EPR Properties
EPRT,Essential Properties Realty Trust Inc.
EQBK,Equity Bancshares Inc. Class A
EQH,Equitable Holdings Inc.
EQR,Equity Residential
EQT,EQT Corporation
ES,Eversource Energy
ESAB,ESAB Corporation
ESE,ESCO Technologies Inc.
ESI,Element Solutions Inc.
ESRT,Empire State Realty Trust Inc. Class A
ESS,Essex Property Trust Inc.
ESTC,Elastic N.V. Ordinary Shares
ET,Energy Transfer LP 
ETD,Ethan Allen Interiors Inc.
ETO,Eaton Vance Tax-Advantage Global Dividend Opp
ETR,Entergy Corporation
EVH,Evolent Health Inc. Class A
EVN,Eaton Vance Municipal Income Trust
EVR,Evercore Inc. Class A
EVRI,Everi Holdings Inc.
EW,Edwards Lifesciences Corporation
EXP,Eagle Materials Inc
EXPD,Expeditors International of Washington Inc.
EXR,Extra Space Storage Inc
F,Ford Motor Company
FAF,First American Corporation
FBIN,Fortune Brands Innovations Inc.
FBK,FB Financial Corporation
FBRT,Franklin BSP Realty Trust Inc.
FC,Franklin Covey Company
FCF,First Commonwealth Financial Corporation
FCN,FTI Consulting Inc.
FCPT,Four Corners Property Trust Inc.
FCX,Freeport-McMoRan Inc.
FDX,FedEx Corporation
FE,FirstEnergy Corp.
FFWM,First Foundation Inc.
FG,F&G Annuities & Life Inc.
FHI,Federated Hermes Inc.
FHN,First Horizon Corporation
FI,Fiserv Inc.
FICO,Fair Isaac Corporation
FIGS,FIGS Inc. Class A
FINV,FinVolution Group American Depositary Shares
FIS,Fidelity National Information Services Inc.
FIX,Comfort Systems USA Inc.
FL,Foot Locker Inc.
FLG,Flagstar Financial Inc.
FLO,Flowers Foods Inc.
FLR,Fluor Corporation
FLS,Flowserve Corporation
FMC,FMC Corporation
FMN,Federated Hermes Premier Municipal Income Fund
FNB,F.N.B. Corporation
FND,Floor & Decor Holdings Inc.
FNF,Fidelity National Financial Inc.
FOF,Cohen & Steers Closed-End Opportunity Fund Inc.
FOR,Forestar Group Inc. 
FOUR,Shift4 Payments Inc. Class A
FPH,Five Point Holdings LLC Class A
FPI,Farmland Partners Inc.
FR,First Industrial Realty Trust Inc.
FRA,Blackrock Floating Rate Income Strategies Fund Inc. 
FRT,Federal Realty Investment Trust
FSCO,FS Credit Opportunities Corp.
FSK,FS KKR Capital Corp.
FSLY,Fastly Inc. Class A
FSS,Federal Signal Corporation
FTK,Flotek Industries Inc.
FTS,Fortis Inc.
FTV,Fortive Corporation 
FUBO,fuboTV Inc.
FUL,H. B. Fuller Company
FUN,Six Flags Entertainment Corporation
GAB,Gabelli Equity Trust Inc.
GAM,General American Investors Inc.
GAP,Gap Inc.
GATX,GATX Corporation
GBCI,Glacier Bancorp Inc.
GBTG,Global Business Travel Group Inc. Class A
GBX,Greenbrier Companies Inc.
GCI,Gannett Co. Inc.
GD,General Dynamics Corporation
GDDY,GoDaddy Inc. Class A
GDOT,Green Dot Corporation Class A $0.001 par value
GDV,Gabelli Dividend & Income Trust
GE,GE Aerospace
GEF,Greif Inc. Class A
GEL,Genesis Energy L.P.
GEO,Geo Group Inc. REIT
GES,Guess? Inc.
GETY,Getty Images Holdings Inc. Class A
GEV,GE Vernova Inc.
GFF,Griffon Corporation
GGG,Graco Inc.
GHC,Graham Holdings Company
GHLD,Guild Holdings Company Class A
GHM,Graham Corporation
GIC,Global Industrial Company
GIS,General Mills Inc.
GKOS,Glaukos Corporation
GL,Globe Life Inc.
GLOB,Globant S.A.
GLP,Global Partners LP
GLW,Corning Incorporated
GM,General Motors Company
GME,GameStop Corporation
GMED,Globus Medical Inc. Class A
GMRE,Global Medical REIT Inc.
GMS,GMS Inc.
GNE,Genie Energy Ltd. Class B Stock
GNK,Genco Shipping & Trading Limited Ordinary Shares
GNL,Global Net Lease Inc.
GNRC,Generac Holdlings Inc.
GNTY,Guaranty Bancshares Inc.
GNW,Genworth Financial Inc
GOLF,Acushnet Holdings Corp.
GPC,Genuine Parts Company
GPI,Group 1 Automotive Inc.
GPK,Graphic Packaging
GPN,Global Payments Inc.
GPOR,Gulfport Energy Corporation
GRBK,Green Brick Partners Inc.
GRC,Gorman-Rupp Company
GRDN,Guardian Pharmacy Services Inc. Class A
GRNT,Granite Ridge Resources Inc.
GS,Goldman Sachs Group Inc.
GSBD,Goldman Sachs BDC Inc.
GTLS,Chart Industries Inc.
GTN,Gray Media Inc.
GTY,Getty Realty Corporation
GUT,Gabelli Utility Trust
GVA,Granite Construction Incorporated
GWRE,Guidewire Software Inc.
GWW,W.W. Grainger Inc.
GXO,GXO Logistics Inc. 
H,Hyatt Hotels Corporation Class A
HAE,Haemonetics Corporation
HAL,Halliburton Company
HASI,HA Sustainable Infrastructure Capital Inc.
HAYW,Hayward Holdings Inc.
HBI,Hanesbrands Inc.
HCA,HCA Healthcare Inc.
HCC,Warrior Met Coal Inc.
HCI,HCI Group Inc.
HD,Home Depot Inc.
HE,Hawaiian Electric Industries Inc.
HEI,Heico Corporation
HES,Hess Corporation
HESM,Hess Midstream LP Class A
HGTY,Hagerty Inc. Class A
HGV,Hilton Grand Vacations Inc. 
HHH,Howard Hughes Holdings Inc.
HI,Hillenbrand Inc
HIG,The Hartford Insurance Group Inc.
HII,Huntington Ingalls Industries Inc.
HIMS,Hims & Hers Health Inc. Class A
HIPO,Hippo Holdings Inc.
HIW,Highwoods Properties Inc.
HL,Hecla Mining Company
HLI,Houlihan Lokey Inc. Class A
HLIO,Helios Technologies Inc.
HLT,Hilton Worldwide Holdings Inc. 
HLX,Helix Energy Solutions Group Inc.
HMN,Horace Mann Educators Corporation
HNI,HNI Corporation
HOG,Harley-Davidson Inc.
HOMB,Home BancShares Inc.
HOUS,Anywhere Real Estate Inc.
HOV,Hovnanian Enterprises Inc. Class A
HP,Helmerich & Payne Inc.
HPE,Hewlett Packard Enterprise Company
HPP,Hudson Pacific Properties Inc.
HPQ,HP Inc.
HQH,abrdn Healthcare Investors Shares
HQL,abrdn Life Sciences Investors Shares
HR,Healthcare Realty Trust Incorporated
HRB,H&R Block Inc.
HRI,Herc Holdings Inc. 
HRL,Hormel Foods Corporation
HRTG,Heritage Insurance Holdings Inc.
HSY,The Hershey Company
HTB,HomeTrust Bancshares Inc.
HTGC,Hercules Capital Inc.
HTH,Hilltop Holdings Inc.
HUBB,Hubbell Inc
HUBS,HubSpot Inc.
HUM,Humana Inc.
HUN,Huntsman Corporation
HVT,Haverty Furniture Companies Inc.
HWM,Howmet Aerospace Inc.
HXL,Hexcel Corporation
HY,Hyster-Yale Inc. Class A
HZO,MarineMax Inc.
IBM,International Business Machines Corporation
IBP,Installed Building Products Inc.
IBTA,Ibotta Inc. Class A
ICE,Intercontinental Exchange Inc.
IDA,IDACORP Inc.
IDT,IDT Corporation Class B
IEX,IDEX Corporation
IFF,International Flavors & Fragrances Inc.
IGT,International Game Technology Ordinary Shares
IIIN,Insteel Industries Inc.
IIM,Invesco Value Municipal Income Trust
IIPR,Innovative Industrial Properties Inc.
INFA,Informatica Inc. Class A
INGM,Ingram Micro Holding Corporation
INGR,Ingredion Incorporated
INN,Summit Hotel Properties Inc.
INSP,Inspire Medical Systems Inc.
INSW,International Seaways Inc. 
INVH,Invitation Homes Inc.
INVX,Innovex International Inc.
IONQ,IonQ Inc.
IOT,Samsara Inc. Class A
IP,International Paper Company
IPG,Interpublic Group of Companies Inc.
IPI,Intrepid Potash Inc
IQI,Invesco Quality Municipal Income Trust
IQV,IQVIA Holdings Inc.
IR,Ingersoll Rand Inc.
IRM,Iron Mountain Incorporated REIT
IRT,Independence Realty Trust Inc.
IT,Gartner Inc.
ITGR,Integer Holdings Corporation
ITT,ITT Inc. 
ITW,Illinois Tool Works Inc.
IVR,Invesco Mortgage Capital Inc.
IVT,InvenTrust Properties Corp.
IVZ,Invesco Ltd
J,Jacobs Solutions Inc.
JBGS,JBG SMITH Properties 
JBI,Janus International Group Inc.
JBL,Jabil Inc.
JBTM,JBT Marel Corporation
JEF,Jefferies Financial Group Inc.
JELD,JELD-WEN Holding Inc.
JLL,Jones Lang LaSalle Incorporated
JNJ,Johnson & Johnson
JNPR,Juniper Networks Inc.
JOBY,Joby Aviation Inc.
JOE,St. Joe Company
JPM,JP Morgan Chase & Co.
JXN,Jackson Financial Inc. Class A 
K,Kellanova
KAI,Kadant Inc
KAR,OPENLANE Inc.
KBH,KB Home
KBR,KBR Inc.
KD,Kyndryl Holdings Inc.
KEX,Kirby Corporation
KEY,KeyCorp
KEYS,Keysight Technologies Inc.
KFRC,Kforce Inc.
KFY,Korn Ferry
KGS,Kodiak Gas Services Inc.
KIM,Kimco Realty Corporation
KIND,Nextdoor Holdings Inc. Class A
KKR,KKR & Co. Inc.
KLC,KinderCare Learning Companies Inc.
KLG,WK Kellogg Co
KMI,Kinder Morgan Inc.
KMPR,Kemper Corporation
KMT,Kennametal Inc.
KMX,CarMax Inc
KN,Knowles Corporation
KNF,Knife Riv Holding Co.
KNSL,Kinsale Capital Group Inc.
KNTK,Kinetik Holdings Inc. Class A
KNX,Knight-Swift Transportation Holdings Inc.
KO,Coca-Cola Company
KODK,Eastman Kodak Company Common
KOP,Koppers Holdings Inc.
KR,Kroger Company
KRC,Kilroy Realty Corporation
KREF,KKR Real Estate Finance Trust Inc.
KRG,Kite Realty Group Trust
KRO,Kronos Worldwide Inc
KRP,Kimbell Royalty Partners
KSS,Kohl's Corporation
KTB,Kontoor Brands Inc. 
KTF,DWS Municipal Income Trust
KVUE,Kenvue Inc.
KVYO,Klaviyo Inc. Series A
KW,Kennedy-Wilson Holdings Inc.
KWR,Quaker Houghton
KYN,Kayne Anderson Energy Infrastructure Fund Inc.
L,Loews Corporation
LAD,Lithia Motors Inc.
LADR,Ladder Capital Corp Class A
LBRT,Liberty Energy Inc. Class A
LC,LendingClub Corporation
LCII,LCI Industries
LDI,loanDepot Inc. Class A
LDOS,Leidos Holdings Inc.
LEA,Lear Corporation
LEG,Leggett & Platt Incorporated
LEN,Lennar Corporation Class A
LEO,BNY Mellon Strategic Municipals Inc.
LEVI,Levi Strauss & Co Class A
LH,Labcorp Holdings Inc.
LHX,L3Harris Technologies Inc.
LII,Lennox International Inc.
LLY,Eli Lilly and Company
LMND,Lemonade Inc.
LMT,Lockheed Martin Corporation
LNC,Lincoln National Corporation
LNG,Cheniere Energy Inc.
LNN,Lindsay Corporation
LOAR,Loar Holdings Inc.
LOB,Live Oak Bancshares Inc.
LOW,Lowe's Companies Inc.
LPG,Dorian LPG Ltd.
LPX,Louisiana-Pacific Corporation
LRN,Stride Inc.
LTC,LTC Properties Inc.
LTH,Life Time Group Holdings Inc.
LUCK,Lucky Strike Entertainment Corporation Class A
LUMN,Lumen Technologies Inc.
LUV,Southwest Airlines Company
LVS,Las Vegas Sands Corp.
LVWR,LiveWire Group Inc.
LW,Lamb Weston Holdings Inc. 
LXP,LXP Industrial Trust
LXU,LSB Industries Inc.
LYV,Live Nation Entertainment Inc.
LZB,La-Z-Boy Incorporated
M,Macy's Inc
MA,Mastercard Incorporated
MAA,Mid-America Apartment Communities Inc.
MAC,Macerich Company
MAGN,Magnera Corporation
MAIN,Main Street Capital Corporation
MAN,ManpowerGroup
MAS,Masco Corporation
MATV,Mativ Holdings Inc.
MATX,Matson Inc.
MAX,MediaAlpha Inc. Class A
MBC,MasterBrand Inc.
MC,Moelis & Company Class A
MCB,Metropolitan Bank Holding Corp.
MCD,McDonald's Corporation
MCI,Barings Corporate Investors
MCK,McKesson Corporation
MCO,Moody's Corporation
MCS,Marcus Corporation
MCY,Mercury General Corporation
MD,Pediatrix Medical Group Inc.
MDT,Medtronic plc. Ordinary Shares
MDU,MDU Resources Group Inc.
MEC,Mayville Engineering Company Inc.
MEG,Montrose Environmental Group Inc.
MEI,Methode Electronics Inc.
MET,MetLife Inc.
MFA,MFA Financial Inc.
MGM,MGM Resorts International
MGY,Magnolia Oil & Gas Corporation Class A
MHD,Blackrock MuniHoldings Fund Inc.
MHK,Mohawk Industries Inc.
MHN,Blackrock MuniHoldings New York Quality Fund Inc.
MHO,M/I Homes Inc.
MIN,MFS Intermediate Income Trust
MIR,Mirion Technologies Inc. Class A
MIY,Blackrock MuniYield Michigan Quality Fund Inc.
MKC,McCormick & Company Incorporated
MKL,Markel Group Inc.
MLI,Mueller Industries Inc.
MLM,Martin Marietta Materials Inc.
MLNK,MeridianLink Inc.
MLP,Maui Land & Pineapple Company Inc.
MLR,Miller Industries Inc.
MMC,Marsh & McLennan Companies Inc.
MMI,Marcus & Millichap Inc.
MMM,3M Company
MMS,Maximus Inc.
MNR,Mach Natural Resources LP
MO,Altria Group Inc.
MOD,Modine Manufacturing Company
MODG,Topgolf Callaway Brands Corp.
MOH,Molina Healthcare Inc
MOS,Mosaic Company
MOV,Movado Group Inc.
MP,MP Materials Corp.
MPC,Marathon Petroleum Corporation
MPLX,MPLX LP
MPW,Medical Properties Trust Inc.
MQT,Blackrock MuniYield Quality Fund II Inc.
MQY,Blackrock MuniYield Quality Fund Inc.
MRC,MRC Global Inc.
MRK,Merck & Company Inc.
MRP,Millrose Properties Inc. Class A
MS,Morgan Stanley
MSA,MSA Safety Incorporated
MSB,Mesabi Trust
MSCI,MSCI Inc.
MSGE,Madison Square Garden Entertainment Corp. Class A
MSGS,Madison Square Garden Sports Corp. Class A
MSI,Motorola Solutions Inc.
MSM,MSC Industrial Direct Company Inc.
MTAL,MAC Copper Limited Ordinary Shares
MTB,M&T Bank Corporation
MTDR,Matador Resources Company
MTG,MGIC Investment Corporation
MTH,Meritage Homes Corporation
MTN,Vail Resorts Inc.
MTRN,Materion Corporation
MTUS,Metallus Inc.
MTW,Manitowoc Company Inc.
MTX,Minerals Technologies Inc.
MTZ,MasTec Inc.
MUA,Blackrock MuniAssets Fund Inc
MUC,Blackrock MuniHoldings California Quality Fund Inc. 
MUE,Blackrock MuniHoldings Quality Fund II Inc.
MUJ,Blackrock MuniHoldings New Jersey Quality Fund Inc.
MUR,Murphy Oil Corporation
MUSA,Murphy USA Inc.
MVF,Blackrock MuniVest Fund Inc.
MVT,Blackrock MuniVest Fund II Inc. 
MWA,MUELLER WATER PRODUCTS
MYD,Blackrock MuniYield Fund Inc. 
MYE,Myers Industries Inc.
MYI,Blackrock MuniYield Quality Fund III Inc
NABL,N-able Inc.
NAN,Nuveen New York Quality Municipal Income Fund
NATL,NCR Atleos Corporation
NBHC,National Bank Holdings Corporation
NC,NACCO Industries Inc.
NCLH,Norwegian Cruise Line Holdings Ltd. Ordinary Shares
NCV,Virtus Convertible & Income Fund
NCZ,Virtus Convertible & Income Fund II
NE,Noble Corporation plc A Ordinary Shares
NEE,NextEra Energy Inc.
NEM,Newmont Corporation
NET,Cloudflare Inc. Class A
NEU,NewMarket Corp
NFG,National Fuel Gas Company
NGL,NGL ENERGY PARTNERS LP
NGS,Natural Gas Services Group Inc.
NGVC,Natural Grocers by Vitamin Cottage Inc.
NGVT,Ingevity Corporation 
NHI,National Health Investors Inc.
NI,NiSource Inc
NIC,Nicolet Bankshares Inc.
NIE,Virtus Equity & Convertible Income Fund
NJR,NewJersey Resources Corporation
NKE,Nike Inc.
NL,NL Industries Inc.
NLOP,Net Lease Office Properties
NLY,Annaly Capital Management Inc.
NNI,Nelnet Inc.
NNN,NNN REIT Inc.
NOC,Northrop Grumman Corporation
NOG,Northern Oil and Gas Inc.
NOV,NOV Inc.
NOW,ServiceNow Inc.
NPK,National Presto Industries Inc.
NPKI,NPK International Inc.
NPO,Enpro Inc.
NPWR,NET Power Inc. Class A
NRG,NRG Energy Inc.
NRP,Natural Resource Partners LP Limited Partnership
NSA,National Storage Affiliates Trust
NSC,Norfolk Southern Corporation
NSP,Insperity Inc.
NTST,NetSTREIT Corp.
NUE,Nucor Corporation
NUS,Nu Skin Enterprises Inc.
NUVB,Nuvation Bio Inc. Class A
NVR,NVR Inc.
NVRI,Enviri Corporation
NVST,Envista Holdings Corporation
NWN,Northwest Natural
NX,Quanex Building Products Corporation
NXP,Nuveen Select Tax Free Income Portfolio
NXRT,NexPoint Residential Trust Inc.
NYT,New York Times Company
O,Realty Income Corporation
OBK,Origin Bancorp Inc.
OC,Owens Corning Inc.
ODC,Oil-Dri Corporation Of America
OGE,OGE Energy Corp
OGN,Organon & Co. 
OGS,ONE Gas Inc.
OHI,Omega Healthcare Investors Inc.
OI,O-I Glass Inc.
OII,Oceaneering International Inc.
OIS,Oil States International Inc.
OKE,ONEOK Inc.
OKLO,Oklo Inc. Class A
OLN,Olin Corporation
OLO,Olo Inc. Class A
OLP,One Liberty Properties Inc.
OMC,Omnicom Group Inc.
OMF,OneMain Holdings Inc.
OMI,Owens & Minor Inc.
ONTO,Onto Innovation Inc.
OOMA,Ooma Inc.
OPFI,OppFi Inc. Class A
OPY,Oppenheimer Holdings Inc. Class AInc. 
ORA,Ormat Technologies Inc.
ORC,Orchid Island Capital Inc.
ORCL,Oracle Corporation
ORI,Old Republic International Corporation
ORN,Orion Group Holdings Inc. Common
OSCR,Oscar Health Inc. Class A
OSK,Oshkosh Corporation Common Stock
OTIS,Otis Worldwide Corporation 
OUT,OUTFRONT Media Inc.
OWL,Blue Owl Capital Inc. Class A
OXM,Oxford Industries Inc.
OXY,Occidental Petroleum Corporation
PACS,PACS Group Inc.
PAG,Penske Automotive Group Inc.
PAR,PAR Technology Corporation
PARR,Par Pacific Holdings Inc. 
PATH,UiPath Inc. Class A
PAY,Paymentus Holdings Inc. Class A
PAYC,Paycom Software Inc.
PB,Prosperity Bancshares Inc.
PBF,PBF Energy Inc. Class A
PBH,Prestige Consumer Healthcare Inc.
PBI,Pitney Bowes Inc.
PBT,Permian Basin Royalty Trust
PCG,Pacific Gas & Electric Co.
PCOR,Procore Technologies Inc.
PD,PagerDuty Inc.
PDI,PIMCO Dynamic Income Fund
PDM,Piedmont Realty Trust Inc. Class A
PDO,PIMCO Dynamic Income Opportunities Fund
PEB,Pebblebrook Hotel Trust
PEG,Public Service Enterprise Group Incorporated
PEN,Penumbra Inc.
PFE,Pfizer Inc.
PFGC,Performance Food Group Company
PFLT,PennantPark Floating Rate Capital Ltd.
PFS,Provident Financial Services Inc
PFSI,PennyMac Financial Services Inc.
PG,Procter & Gamble Company
PGR,Progressive Corporation
PGRE,Paramount Group Inc.
PH,Parker-Hannifin Corporation
PHIN,PHINIA Inc.
PHM,PulteGroup Inc.
PHR,Phreesia Inc.
PII,Polaris Inc.
PINS,Pinterest Inc. Class A
PIPR,Piper Sandler Companies
PJT,PJT Partners Inc. Class A
PK,Park Hotels & Resorts Inc. 
PKG,Packaging Corporation of America
PKST,Peakstone Realty Trust
PL,Planet Labs PBC Class A
PLD,Prologis Inc.
PLNT,Planet Fitness Inc.
PLOW,Douglas Dynamics Inc.
PLYM,Plymouth Industrial REIT Inc.
PM,Philip Morris International Inc
PMO,Putnam Municipal Opportunities Trust
PMT,PennyMac Mortgage Investment Trust
PNC,PNC Financial Services Group Inc.
PNNT,PennantPark Investment Corporation
PNW,Pinnacle West Capital Corporation
POR,Portland General Electric Co
POST,Post Holdings Inc.
PPG,PPG Industries Inc.
PPL,PPL Corporation
PPT,Putnam Premier Income Trust
PR,Permian Resources Corporation Class A
PRA,ProAssurance Corporation
PRG,PROG Holdings Inc.
PRGO,Perrigo Company plc Ordinary Shares
PRI,Primerica Inc.
PRIM,Primoris Services Corporation
PRKS,United Parks & Resorts Inc.
PRLB,Proto Labs Inc.
PRMB,Primo Brands Corporation Class A
PRO,PROS Holdings Inc.
PRSU,Pursuit Attractions and Hospitality Inc.
PRU,Prudential Financial Inc.
PSA,Public Storage
PSN,Parsons Corporation
PSTG,Pure Storage Inc. Class A
PSTL,Postal Realty Trust Inc. Class A
PSX,Phillips 66
PUMP,ProPetro Holding Corp.
PVH,PVH Corp.
PWR,Quanta Services Inc.
PX,P10 Inc. Class A
QS,QuantumScape Corporation Class A
QXO,QXO Inc.
R,Ryder System Inc.
RAMP,LiveRamp Holdings Inc.
RBC,RBC Bearings Incorporated
RBLX,Roblox Corporation Class A
RBRK,Rubrik Inc. Class A
RC,Ready Capital Corporation
RCL,Royal Caribbean Cruises Ltd.
RCUS,Arcus Biosciences Inc.
RDDT,Reddit Inc. Class A
RDN,Radian Group Inc.
RDW,Redwire Corporation
RES,RPC Inc.
REVG,REV Group Inc.
REX,REX American Resources Corporation
REXR,Rexford Industrial Realty Inc.
REZI,Resideo Technologies Inc. 
RF,Regions Financial Corporation
RFI,Cohen & Steers Total Return Realty Fund Inc.
RGA,Reinsurance Group of America Incorporated
RGR,Sturm Ruger & Company Inc.
RH,RH
RHI,Robert Half Inc.
RHP,Ryman Hospitality Properties Inc. (REIT)
RITM,Rithm Capital Corp.
RJF,Raymond James Financial Inc.
RKT,Rocket Companies Inc. Class A
RL,Ralph Lauren Corporation
RLI,RLI Corp.Inc. 
RLJ,RLJ Lodging Trust $0.01 par value
RMD,ResMed Inc.
RMT,Royce Micro-Cap Trust Inc.
RNG,RingCentral Inc. Class A
RNP,Cohen & Steers REIT and Preferred and Income Fund Inc.
RNST,Renasant Corporation
ROG,Rogers Corporation
ROK,Rockwell Automation Inc.
ROL,Rollins Inc.
RPM,RPM International Inc.
RQI,Cohen & Steers Quality Income Realty Fund Inc
RRC,Range Resources Corporation
RRX,Regal Rexnord Corporation
RS,Reliance Inc.
RSG,Republic Services Inc.
RSI,Rush Street Interactive Inc. Class A
RTX,RTX Corporation
RVLV,Revolve Group Inc. Class A
RVT,Royce Small-Cap Trust Inc.
RVTY,Revvity Inc.
RWT,Redwood Trust Inc.
RXO,RXO Inc.
RYAN,Ryan Specialty Holdings Inc. Class A
RYI,Ryerson Holding Corporation
RYN,Rayonier Inc. REIT
S,SentinelOne Inc. Class A
SAFE,Safehold Inc. New 
SAH,Sonic Automotive Inc.
SAM,Boston Beer Company Inc.
SAR,Saratoga Investment Corp New
SARO,StandardAero Inc.
SBH,Sally Beauty Holdings Inc.
SBR,Sabine Royalty Trust
SBSI,Southside Bancshares Inc.
SCCO,Southern Copper Corporation
SCHW,Charles Schwab Corporation
SCI,Service Corporation International
SCL,Stepan Company
SCM,Stellus Capital Investment Corporation
SCS,Steelcase Inc.
SD,SandRidge Energy Inc.
SDHC,Smith Douglas Homes Corp. Class A
SEE,Sealed Air Corporation
SEI,Solaris Energy Infrastructure Inc. Class A
SEM,Select Medical Holdings Corporation
SEMR,SEMrush Holdings Inc. Class A
SES,SES AI Corporation Class A
SF,Stifel Financial Corporation
SFBS,ServisFirst Bancshares Inc.
SG,Sweetgreen Inc. Class A
SGI,Somnigroup International Inc.
SGU,Star Group L.P.
SHAK,Shake Shack Inc. Class A
SHO,Sunstone Hotel Investors Inc. Sunstone Hotel Investors Inc.
SHW,Sherwin-Williams Company
SILA,Sila Realty Trust Inc.
SITC,SITE Centers Corp.
SITE,SiteOne Landscape Supply Inc.
SJM,The J.M. Smucker Company
SKT,Tanger Inc.
SKX,Skechers U.S.A. Inc.
SKY,Champion Homes Inc.
SKYH,Sky Harbour Group Corporation Class A
SLG,SL Green Realty Corp
SLGN,Silgan Holdings Inc.
SLQT,SelectQuote Inc.
SLVM,Sylvamo Corporation
SM,SM Energy Company
SMBK,SmartFinancial Inc.
SMC,Summit Midstream Corporation
SMG,Scotts Miracle-Gro Company
SN,SharkNinja Inc. Ordinary Shares
SNA,Snap-On Incorporated
SNAP,Snap Inc. Class A
SNDA,Sonida Senior Living Inc.
SNDR,Schneider National Inc.
SNOW,Snowflake Inc. Class A
SNV,Synovus Financial Corp.
SNX,TD Synnex Corporation
SO,Southern Company
SOC,Sable Offshore Corp.
SOLV,Solventum Corporation
SON,Sonoco Products Company
SOR,Source Capital Inc. Cmn Shs of BI
SPB,Spectrum Brands Holdings Inc.
SPG,Simon Property Group Inc.
SPGI,S&P Global Inc.
SPH,Suburban Propane Partners L.P.
SPHR,Sphere Entertainment Co. Class A
SPIR,Spire Global Inc. Class A
SPR,Spirit Aerosystems Holdings Inc.
SPXC,SPX Technologies Inc.
SR,Spire Inc.
SRE,DBA Sempra
SSB,SouthState Corporation
SSD,Simpson Manufacturing Company Inc.
SSTK,Shutterstock Inc.
STAG,Stag Industrial Inc.
STC,Stewart Information Services Corporation
STE,Steris plc Ordinary Shares
STEL,Stellar Bancorp Inc.
STR,Sitio Royalties Corp. Class A
STT,State Street Corporation
STWD,Starwood Property Trust Inc.
STZ,Constellation Brands Inc.
SUI,Sun Communities Inc.
SUN,Sunoco LP
SVV,Savers Value Village Inc.
SWK,Stanley Black & Decker Inc.
SWX,Southwest Gas Holdings Inc.Inc. 
SXC,SunCoke Energy Inc.
SXI,Standex International Corporation
SXT,Sensient Technologies Corporation
SYF,Synchrony Financial
SYK,Stryker Corporation
SYY,Sysco Corporation
T,AT&T Inc.
TALO,Talos Energy Inc.
TCI,Transcontinental Realty Investors Inc.
TDC,Teradata Corporation
TDG,Transdigm Group Incorporated
TDOC,Teladoc Health Inc.
TDS,Telephone and Data Systems Inc.
TDW,Tidewater Inc.
TDY,Teledyne Technologies Incorporated
TEX,Terex Corporation
TFC,Truist Financial Corporation
TFX,Teleflex Incorporated
TG,Tredegar Corporation
TGI,Triumph Group Inc.
TGNA,TEGNA Inc
TGT,Target Corporation
THC,Tenet Healthcare Corporation
THG,Hanover Insurance Group Inc
THO,Thor Industries Inc.
THR,Thermon Group Holdings Inc.
THS,Treehouse Foods Inc.
TJX,TJX Companies Inc.
TKO,TKO Group Holdings Inc. Class A
TKR,Timken Company
TME,Tencent Music Entertainment Group American Depositary
TMHC,Taylor Morrison Home Corporation
TMO,Thermo Fisher Scientific Inc
TNC,Tennant Company
TNET,TriNet Group Inc.
TNL,Travel   Leisure Co. Common  Stock
TOL,Toll Brothers Inc.
TOST,Toast Inc. Class A
TPB,Turning Point Brands Inc.
TPC,Tutor Perini Corporation
TPH,Tri Pointe Homes Inc.
TPL,Texas Pacific Land Corporation
TPR,Tapestry Inc.
TR,Tootsie Roll Industries Inc.
TRAK,ReposiTrak Inc.
TRC,Tejon Ranch Co
TREX,Trex Company Inc.
TRGP,Targa Resources Inc.
TRN,Trinity Industries Inc.
TRNO,Terreno Realty Corporation
TROX,Tronox Holdings plc Ordinary Shares (UK)
TRTX,TPG RE Finance Trust Inc.
TRU,TransUnion
TRV,The Travelers Companies Inc.
TSN,Tyson Foods Inc.
TTC,Toro Company
TTI,Tetra Technologies Inc.
TWI,Titan International Inc.Inc. 
TWLO,Twilio Inc. Class A
TWO,Two Harbors Investment Corp
TXNM,TXNM Energy Inc.
TXO,TXO Partners L.P.
TXT,Textron Inc.
TY,Tri Continental Corporation
TYG,Tortoise Energy Infrastructure Corporation
TYL,Tyler Technologies Inc.
U,Unity Software Inc.
UA,Under Armour Inc. Class C
UAA,Under Armour Inc. Class A
UAN,CVR Partners LP
UBER,Uber Technologies Inc.
UCB,United Community Banks Inc.
UDR,UDR Inc.
UE,Urban Edge Properties
UGI,UGI Corporation
UHAL,U-Haul Holding Company
UHS,Universal Health Services Inc.
UHT,Universal Health Realty Income Trust
UI,Ubiquiti Inc.
UIS,Unisys Corporation New
ULS,UL Solutions Inc. Class A
UMH,UMH Properties Inc.
UNF,Unifirst Corporation
UNFI,United Natural Foods Inc.
UNH,UnitedHealth Group IncorporatedInc. 
UNM,Unum Group
UNP,Union Pacific Corporation
UPS,United Parcel Service Inc.
URI,United Rentals Inc.
USAC,USA Compression Partners LP
USB,U.S. Bancorp
USFD,US Foods Holding Corp.
USM,United States Cellular Corporation
USNA,USANA Health Sciences Inc.
USPH,U.S. Physical Therapy Inc.
UTI,Universal Technical Institute Inc
UTL,UNITIL Corporation
UTZ,Utz Brands Inc. Class A 
UVE,UNIVERSAL INSURANCE HOLDINGS INC
UVV,Universal Corporation
UWMC,UWM Holdings Corporation Class A
V,Visa Inc.
VAC,Marriott Vacations Worldwide Corporation
VAL,Valaris Limited
VCV,Invesco California Value Municipal Income Trust
VEEV,Veeva Systems Inc. Class A
VEL,Velocity Financial Inc.
VFC,V.F. Corporation
VGM,Invesco Trust for Investment Grade MunicipalsInc. 
VHI,Valhi Inc.
VICI,VICI Properties Inc.
VIK,Viking Holdings Ltd Ordinary Shares
VIRT,Virtu Financial Inc. Class A
VKQ,Invesco Municipal Trust
VLO,Valero Energy Corporation
VLTO,Veralto Corp 
VMC,Vulcan Materials Company (Holding Company)
VMI,Valmont Industries Inc.
VMO,Invesco Municipal Opportunity Trust
VNO,Vornado Realty Trust
VNT,Vontier Corporation 
VOYA,Voya Financial Inc.
VPG,Vishay Precision Group Inc.
VRE,Veris Residential Inc.
VRT,Vertiv Holdings LLC Class A
VRTS,Virtus Investment Partners Inc.
VSCO,Victorias Secret & Co. 
VSH,Vishay Intertechnology Inc.
VST,Vistra Corp.
VSTS,Vestis Corporation
VTLE,Vital Energy Inc. par value $0.01 per share
VTOL,Bristow Group Inc.
VTR,Ventas Inc.
VTS,Vitesse Energy Inc.
VVV,Valvoline Inc.
VYX,NCR Voyix Corporation
W,Wayfair Inc. Class A
WAB,Westinghouse Air Brake Technologies Corporation
WAL,Western Alliance BancorporationInc. 
WAT,Waters Corporation
WBS,Webster Financial Corporation
WCC,WESCO International Inc.
WD,Walker & Dunlop Inc
WEAV,Weave Communications Inc.
WEC,WEC Energy Group Inc.
WELL,Welltower Inc.
WES,Western Midstream Partners LP
WEX,WEX Inc.
WFC,Wells Fargo & Company
WGO,Winnebago Industries Inc.
WH,Wyndham Hotels & Resorts Inc. 
WHD,Cactus Inc. Class A
WHR,Whirlpool Corporation
WK,Workiva Inc. Class A
WKC,World Kinect Corporation
WLK,Westlake Corporation
WLKP,Westlake Chemical Partners LP
WLY,John Wiley & Sons Inc.
WLYB,John Wiley & Sons Inc.
WM,Waste Management Inc.
WMB,Williams Companies Inc.
WMK,Weis Markets Inc.
WMS,Advanced Drainage Systems Inc.
WMT,Walmart Inc.
WNC,Wabash National Corporation
WOR,Worthington Enterprises Inc.
WOW,WideOpenWest Inc.
WPC,W. P. Carey Inc. REIT
WRB,W.R. Berkley Corporation
WRBY,Warby Parker Inc. Class A
WS,Worthington Steel Inc.
WSM,Williams-Sonoma Inc.Inc. 
WSO,Watsco Inc.
WSR,Whitestone REIT
WST,West Pharmaceutical Services Inc.
WT,WisdomTree Inc.
WTM,White Mountains Insurance Group Ltd.
WTRG,Essential Utilities Inc.
WTS,Watts Water Technologies Inc. Class A
WTTR,Select Water Solutions Inc. Class A
WU,Western Union Company
WWW,Wolverine World Wide Inc.
WY,Weyerhaeuser Company
XHR,Xenia Hotels & Resorts Inc.
XIFR,XPLR Infrastructure LP
XOM,Exxon Mobil Corporation
XPER,Xperi Inc. 
XPO,XPO Inc.
XPOF,Xponential Fitness Inc. Class A
XPRO,Expro Group Holdings N.V.
XYL,Xylem Inc. New
XYZ,Block Inc. Class A
YELP,Yelp Inc.
YETI,YETI Holdings Inc.
YEXT,Yext Inc.
YOU,Clear Secure Inc. Class A
YUM,Yum! Brands Inc.
YUMC,Yum China Holdings Inc.
ZBH,Zimmer Biomet Holdings Inc.
ZETA,Zeta Global Holdings Corp. Class A
ZIP,ZipRecruiter Inc. Class A
ZTS,Zoetis Inc. Class A
ZWS,Zurn Elkay Water Solutions Corporation
AAL,American Airlines Group Inc. 
AAOI,Applied Optoelectronics Inc. 
AAON,AAON Inc. 
AAPL,Apple Inc. 
AARD,Aardvark Therapeutics Inc. 
ABEO,Abeona Therapeutics Inc. 
ABL,Abacus Global Management Inc. Class A 
ABNB,Airbnb Inc. Class A 
ABSI,Absci Corporation Inc. 
ACAD,ACADIA Pharmaceuticals Inc. 
ACDC,ProFrac Holding Corp. Class A Inc. 
ACHC,Acadia Healthcare Company Inc. 
ACIC,American Coastal Insurance Corporation Inc. 
ACIW,ACI Worldwide Inc. 
ACLS,Axcelis Technologies Inc. 
ACLX,Arcellx Inc. 
ACMR,ACM Research Inc. Class A 
ACNB,ACNB Corporation Inc. 
ACT,Enact Holdings Inc. 
ACTG,Acacia Research Corporation Inc. 
ADBE,Adobe Inc. 
ADEA,Adeia Inc. 
ADI,Analog Devices Inc. 
ADMA,ADMA Biologics Inc. 
ADP,Automatic Data Processing Inc. 
ADPT,Adaptive Biotechnologies Corporation Inc. 
ADSK,Autodesk Inc. 
ADTN,ADTRAN Holdings Inc. 
ADUS,Addus HomeCare Corporation Inc. 
ADV,Advantage Solutions Inc. Class A 
AEHR,Aehr Test SystemsInc. 
AEIS,Advanced Energy Industries Inc. 
AENT,Alliance Entertainment Holding Corporation Class A Inc. 
AEP,American Electric Power Company Inc. 
AEVA,Aeva Technologies Inc. 
AFRM,Affirm Holdings Inc. Class A 
AGIO,Agios Pharmaceuticals Inc. 
AGNC,AGNC Investment Corp. 
AGYS,Agilysys Inc.
AHCO,AdaptHealth Corp.
AIOT,PowerFleet Inc. 
AIP,Arteris Inc. 
AIRO,AIRO Group Holdings Inc. 
AKAM,Akamai Technologies Inc. 
AKBA,Akebia Therapeutics Inc. 
AKRO,Akero Therapeutics Inc. 
ALAB,Astera Labs Inc. 
ALGM,Allegro MicroSystems Inc. 
ALGN,Align Technology Inc. 
ALGT,Allegiant Travel Company Inc. 
ALHC,Alignment Healthcare Inc. 
ALKT,Alkami Technology Inc. 
ALNT,Allient Inc. 
ALNY,Alnylam Pharmaceuticals Inc. 
ALRM,Alarm.com Holdings Inc. 
ALRS,Alerus Financial Corporation Inc. 
ALTI,AlTi Global Inc. Class A 
AMAL,Amalgamated Financial Corp.
AMAT,Applied Materials Inc. 
AMBA,Ambarella Inc. Ordinary Shares
AMD,Advanced Micro Devices Inc. 
AMED,Amedisys Inc. 
AMGN,Amgen Inc. 
AMKR,Amkor Technology Inc. 
AMLX,Amylyx Pharmaceuticals Inc. 
AMPH,Amphastar Pharmaceuticals Inc. 
AMPL,Amplitude Inc. Class A 
AMRK,A-Mark Precious Metals Inc. 
AMRX,Amneal Pharmaceuticals Inc. Class A 
AMSC,American Superconductor Corporation Inc. 
AMSF,AMERISAFE Inc. 
AMWD,American Woodmark Corporation Inc. 
AMZN,Amazon.com Inc. 
ANAB,AnaptysBio Inc. 
ANDE,Andersons Inc. (The)Inc. 
ANGI,Angi Inc. Class A 
ANGO,AngioDynamics Inc. 
ANIP,ANI Pharmaceuticals Inc.
ANNA,AleAnna Inc. Class A 
ANSS,ANSYS Inc. 
APA,APA Corporation Inc. 
APEI,American Public Education Inc. 
APGE,Apogee Therapeutics Inc. 
APLD,Applied Digital Corporation Inc. 
APLS,Apellis Pharmaceuticals Inc. 
APOG,Apogee Enterprises Inc. 
APP,Applovin Corporation Class A Inc. 
APPF,AppFolio Inc. Class A 
APPN,Appian Corporation Class A Inc. 
APPS,Digital Turbine Inc. 
AQST,Aquestive Therapeutics Inc. 
ARAI,Arrive AI Inc. 
ARCB,ArcBest Corporation Inc. 
ARCC,Ares Capital Corporation Inc. 
ARDX,Ardelyx Inc. 
ARHS,Arhaus Inc. Class A 
ARKO,ARKO Corp. 
AROW,Arrow Financial Corporation Inc. 
ARQT,Arcutis Biotherapeutics Inc. 
ARRY,Array Technologies Inc. 
ARTNA,Artesian Resources Corporation Class A Inc. 
ARVN,Arvinas Inc. 
ARWR,Arrowhead Pharmaceuticals Inc. 
ASO,Academy Sports and Outdoors Inc. 
ASPI,ASP Isotopes Inc. 
ASTE,Astec Industries Inc. 
ASTH,Astrana Health Inc. 
ASTS,AST SpaceMobile Inc. Class A 
ATEC,Alphatec Holdings Inc. 
ATEX,Anterix Inc. 
ATLC,Atlanticus Holdings Corporation Inc. 
ATRC,AtriCure Inc. 
ATRO,Astronics Corporation Inc. 
ATXS,Astria Therapeutics Inc. 
ATYR,aTyr Pharma Inc. 
AUR,Aurora Innovation Inc. Class A 
AURA,Aura Biosciences Inc. 
AUROW,Aurora Innovation Inc. Warrant
AVAH,Aveanna Healthcare Holdings Inc. 
AVAV,AeroVironment Inc. 
AVBP,ArriVent BioPharma Inc. 
AVDX,AvidXchange Holdings Inc. 
AVGO,Broadcom Inc. 
AVIR,Atea Pharmaceuticals Inc. 
AVNW,Aviat Networks Inc. 
AVO,Mission Produce Inc. 
AVPT,AvePoint Inc. Class A 
AVPTW,AvePoint Inc. Warrant
AVT,Avnet Inc. 
AVXL,Anavex Life Sciences Corp. 
AXGN,Axogen Inc. 
AXON,Axon Enterprise Inc. 
AXSM,Axsome Therapeutics Inc. 
AZTA,Azenta Inc.
BAND,Bandwidth Inc. Class A 
BANF,BancFirst Corporation Inc. 
BANR,Banner Corporation Inc. 
BASE,Couchbase Inc. 
BATRA,Atlanta Braves Holdings Inc. Series A Inc. 
BATRK,Atlanta Braves Holdings Inc. Series C Inc. 
BBCP,Concrete Pumping Holdings Inc. 
BBIO,BridgeBio Pharma Inc. 
BBNX,Beta Bionics Inc. 
BBSI,Barrett Business Services Inc. 
BCAL,California BanCorpInc. 
BCAX,Bicara Therapeutics Inc. 
BCML,BayCom CorpInc. 
BCPC,Balchem Corporation Inc. 
BCRX,BioCryst Pharmaceuticals Inc. 
BEAM,Beam Therapeutics Inc. 
BELFA,Bel Fuse Inc. Class A 
BELFB,Bel Fuse Inc. Class B Inc. 
BFC,Bank First Corporation Inc. 
BFST,Business First Bancshares Inc. 
BGC,BGC Group Inc. Class A 
BHF,Brighthouse Financial Inc. 
BHRB,Burke & Herbert Financial Services Corp. 
BIGC,BigCommerce Holdings Inc. Series 1Inc. 
BIIB,Biogen Inc. 
BJRI,BJ's Restaurants Inc. 
BKNG,Booking Holdings Inc. 
BKR,Baker Hughes Company Class A Inc. 
BL,BlackLine Inc. 
BLBD,Blue Bird Corporation Inc. 
BLDE,Blade Air Mobility Inc. Class A 
BLFS,BioLife Solutions Inc. 
BLKB,Blackbaud Inc. 
BLMN,Bloomin' Brands Inc. 
BLTE,Belite Bio Inc American Depositary Shares
BLZE,Backblaze Inc. Class A 
BMBL,Bumble Inc. Class A 
BMRC,Bank of Marin BancorpInc. 
BMRN,BioMarin Pharmaceutical Inc. 
BNTC,Benitec Biopharma Inc. 
BOKF,BOK Financial Corporation Inc. 
BPMC,Blueprint Medicines Corporation Inc. 
BPOP,Popular Inc. 
BRKL,Brookline Bancorp Inc. 
BRKR,Bruker Corporation Inc. 
BRZE,Braze Inc. Class A 
BSRR,Sierra BancorpInc. 
BSVN,Bank7 Corp. 
BSY,Bentley Systems Incorporated Class B Inc. 
BTBT,Bit Digital Inc. Ordinary Shares
BTM,Bitcoin Depot Inc. Class A 
BTSG,BrightSpring Health Services Inc. 
BTSGU,BrightSpring Health Services Inc. Tangible Equity Unit
BULL,Webull Corporation Class A Ordinary Shares
BULLW,Webull Corporation Warrants
BULLZ,Webull Corporation Incentive Warrant
BUSE,First Busey Corporation Class A Inc. 
BVS,Bioventus Inc. Class A 
BWB,Bridgewater Bancshares Inc. 
BWIN,The Baldwin Insurance Group Inc. Class A 
BWMN,Bowman Consulting Group Ltd. Inc. 
BYRN,Byrna Technologies Inc. 
CAC,Camden National Corporation Inc. 
CACC,Credit Acceptance Corporation Inc. 
CAI,Caris Life Sciences Inc. 
CAKE,Cheesecake Factory Incorporated (The)Inc. 
CALM,Cal-Maine Foods Inc. 
CAPR,Capricor Therapeutics Inc. 
CAR,Avis Budget Group Inc. 
CARE,Carter Bankshares Inc. 
CARG,CarGurus Inc. Class A 
CART,Maplebear Inc. 
CASH,Pathward Financial Inc. 
CASS,Cass Information Systems Inc. 
CASY,Casey's General Stores Inc. 
CATY,Cathay General BancorpInc. 
CBLL,CeriBell Inc. 
CBNK,Capital Bancorp Inc. 
CBRL,Cracker Barrel Old Country Store Inc. 
CBSH,Commerce Bancshares Inc. 
CCAP,Crescent Capital BDC Inc. 
CCB,Coastal Financial Corporation Inc. 
CCBG,Capital City Bank GroupInc. 
CCCS,CCC Intelligent Solutions Holdings Inc. 
CCNE,CNB Financial Corporation Inc. 
CCOI,Cogent Communications Holdings Inc.
CCRN,Cross Country Healthcare Inc.  $0.0001 Par Value
CCSI,Consensus Cloud Solutions Inc. 
CDNA,CareDx Inc. 
CDNS,Cadence Design Systems Inc. 
CDTX,Cidara Therapeutics Inc. 
CDW,CDW Corporation Inc. 
CDZIP,Cadiz Inc. Depositary Shares
CECO,CECO Environmental Corp. 
CEG,Constellation Energy Corporation Inc. 
CELC,Celcuity Inc. 
CELH,Celsius Holdings Inc. 
CENT,Central Garden & Pet Company Inc. 
CENTA,Central Garden & Pet Company Class A Inc.
CENX,Century Aluminum Company Inc. 
CEP,Cantor Equity Partners Inc. Class A Ordinary Shares
CERT,Certara Inc. 
CEVA,CEVA Inc. 
CFFN,Capitol Federal Financial Inc. 
CFLT,Confluent Inc. Class A 
CG,The Carlyle Group Inc. 
CGBD,Carlyle Secured Lending Inc. 
CGEM,Cullinan Therapeutics Inc. 
CGNX,Cognex Corporation Inc. 
CGON,CG Oncology Inc. 
CHCO,City Holding Company Inc. 
CHDN,Churchill DownsIncorporated Inc. 
CHEF,The Chefs' Warehouse Inc. 
CHRD,Chord Energy Corporation Inc. 
CHRW,C.H. Robinson Worldwide Inc. 
CHSCL,CHS Inc Class B Cumulative Redeemable Preferred Stock Series 4
CHSCO,CHS Inc. Class B Cumulative Redeemable Preferred Stock
CHTR,Charter Communications Inc. Class A New
CHX,ChampionX Corporation Inc. 
CHYM,Chime Financial Inc. Class A 
CIFR,Cipher Mining Inc. 
CINF,Cincinnati Financial Corporation Inc. 
CIVB,Civista Bancshares Inc. 
CLBK,Columbia Financial Inc. 
CLDX,Celldex Therapeutics Inc.
CLFD,Clearfield Inc. 
CLMB,Climb Global Solutions Inc. 
CLMT,Calumet Inc. 
CLNE,Clean Energy Fuels Corp. 
CLOV,Clover Health Investments Corp. Class A Inc. 
CLPT,ClearPoint Neuro Inc. 
CLSK,CleanSpark Inc. 
CMCO,Columbus McKinnon Corporation Inc. 
CMCSA,Comcast Corporation Class A Inc. 
CME,CME Group Inc. Class A 
CMPO,CompoSecure Inc. Class A 
CMPOW,CompoSecure Inc. Warrant
CMPX,Compass Therapeutics Inc. 
CNDT,ConduentIncorporated Inc. 
CNOB,ConnectOne Bancorp Inc. 
CNXC,Concentrix Corporation Inc. 
CNXN,PC Connection Inc. 
COCO,The Vita Coco Company Inc. 
COFS,ChoiceOne Financial Services Inc. 
COGT,Cogent Biosciences Inc. 
COHU,Cohu Inc. 
COIN,Coinbase Global Inc. Class A 
COKE,Coca-Cola Consolidated Inc. 
COLB,Columbia Banking System Inc. 
COLL,Collegium Pharmaceutical Inc. 
COLM,Columbia Sportswear Company Inc. 
COMM,CommScope Holding Company Inc. 
COO,The Cooper Companies Inc. 
COOP,Mr. Cooper Group Inc. 
CORT,Corcept TherapeuticsIncorporated Inc. 
CORZ,Core Scientific Inc. 
CORZW,Core Scientific Inc. Tranche 1 Warrants
COST,Costco Wholesale Corporation Inc. 
CPB,The Campbell's Company Inc. 
CPRT,Copart Inc. 
CPRX,Catalyst Pharmaceuticals Inc. 
CRAI,CRA International Inc. 
CRCT,Cricut Inc. Class A 
CRDO,Credo Technology Group Holding Ltd Ordinary Shares
CRMD,CorMedix Inc. 
CRMT,America's Car-Mart Inc. 
CRNC,Cerence Inc. 
CRNX,Crinetics Pharmaceuticals Inc. 
CROX,Crocs Inc. 
CRSR,Corsair Gaming Inc. 
CRUS,Cirrus Logic Inc. 
CRVL,CorVel Corp. 
CRVS,Corvus Pharmaceuticals Inc. 
CRWD,CrowdStrike Holdings Inc. Class A 
CRWV,CoreWeave Inc. Class A 
CSCO,Cisco Systems Inc.
CSGP,CoStar Group Inc. 
CSGS,CSG Systems International Inc. 
CSQ,Calamos Strategic Total ReturnInc. 
CSTL,Castle Biosciences Inc. 
CSWC,Capital Southwest Corporation Inc. 
CSX,CSX Corporation Inc. 
CTAS,Cintas Corporation Inc. 
CTBI,Community Trust Bancorp Inc. 
CTKB,Cytek Biosciences Inc. 
CTLP,Cantaloupe Inc. 
CTSH,Cognizant Technology Solutions Corporation Class A Inc. 
CUB,Lionheart Holdings Class A Ordinary Shares
CURI,CuriosityStream Inc. Class A 
CVBF,CVB Financial Corporation Inc. 
CVCO,Cavco Industries Inc.  When Issued
CVGW,Calavo Growers Inc. 
CVLT,Commvault Systems Inc. 
CWBC,Community West BancsharesInc. 
CWST,Casella Waste Systems Inc. Class A 
CYRX,CryoPort Inc. 
CYTK,CytokineticsIncorporated Inc. 
CZR,Caesars Entertainment Inc. 
DAKT,Daktronics Inc. 
DASH,DoorDash Inc. Class A 
DAVE,Dave Inc. Class A 
DAWN,Day One Biopharmaceuticals Inc. 
DBX,Dropbox Inc. Class A 
DCOM,Dime Community Bancshares Inc. 
DCTH,Delcath Systems Inc. 
DDOG,Datadog Inc. Class A 
DGICA,Donegal Group Inc. Class A 
DGICB,Donegal Group Inc. Class B Inc. 
DGII,Digi International Inc. 
DH,Definitive Healthcare Corp. Class A Inc. 
DHIL,Diamond Hill Investment Group Inc. Class A 
DIOD,DiodesIncorporated Inc. 
DJCO,Daily Journal Corp. (S.C.)Inc. 
DJT,Trump Media & Technology Group Corp. 
DJTWW,Trump Media & Technology Group Corp. Warrants
DKNG,DraftKings Inc. Class A 
DLTR,Dollar Tree Inc. 
DNLI,Denali Therapeutics Inc. 
DNTH,Dianthus Therapeutics Inc. 
DNUT,Krispy Kreme Inc. 
DOCU,DocuSign Inc. 
DOMO,Domo Inc. Class B Inc. 
DORM,Dorman Products Inc. 
DPZ,Domino's Pizza Inc. 
DRVN,Driven Brands Holdings Inc. 
DSGR,Distribution Solutions Group Inc. 
DSP,Viant Technology Inc. Class A 
DUOL,Duolingo Inc. Class A 
DVAX,Dynavax Technologies Corporation Inc. 
DXCM,DexCom Inc. 
DXPE,DXP Enterprises Inc. 
DYN,Dyne Therapeutics Inc. 
EA,Electronic Arts Inc. 
EBAY,eBay Inc. 
EBC,Eastern Bankshares Inc. 
EBTC,Enterprise Bancorp Inc. 
ECPG,Encore Capital Group Inc. 
EEFT,Euronet Worldwide Inc. 
EFSC,Enterprise Financial Services Corporation Inc. 
EGBN,Eagle Bancorp Inc. 
ELVN,Enliven Therapeutics Inc. 
EMBC,Embecta Corp. 
ENPH,Enphase Energy Inc. 
ENSG,The Ensign Group Inc. 
ENTG,Entegris Inc. 
ENVX,Enovix Corporation Inc. 
EOLS,Evolus Inc. 
EOSE,Eos Energy Enterprises Inc. Class A 
EQIX,Equinix Inc.  REIT
ERAS,Erasca Inc. 
ERIE,Erie Indemnity Company Class A Inc. 
ERII,Energy Recovery Inc. 
ESQ,Esquire Financial Holdings Inc. 
ETNB,89bio Inc. 
ETON,Eton Pharmaceuticals Inc. 
ETSY,Etsy Inc. 
EU,enCore Energy Corp. Common Shares
EVCM,EverCommerce Inc. 
EVER,EverQuote Inc. Class A 
EVGO,EVgo Inc. Class A 
EVLV,Evolv Technologies Holdings Inc. Class A 
EVRG,Evergy Inc. 
EWBC,East West Bancorp Inc. 
EWCZ,European Wax Center Inc. Class A 
EWTX,Edgewise Therapeutics Inc. 
EXAS,Exact Sciences Corporation Inc. 
EXC,Exelon Corporation Inc. 
EXE,Expand Energy Corporation Inc. 
EXEEL,Expand Energy Corporation Class C Warrants
EXEL,Exelixis Inc. 
EXLS,ExlService Holdings Inc. 
EXPE,Expedia Group Inc. 
EXPI,eXp World Holdings Inc. 
EXPO,Exponent Inc. 
EXTR,Extreme Networks Inc. 
EYE,National Vision Holdings Inc. 
EYPT,EyePoint Pharmaceuticals Inc. 
EZPW,EZCORP Inc. Class A Non VotingInc. 
FA,First Advantage Corporation Inc. 
FANG,Diamondback Energy Inc. 
FARO,FARO Technologies Inc. 
FAST,Fastenal Company Inc. 
FBIZ,First Business Financial Services Inc. 
FBNC,First BancorpInc. 
FBYD,Falcon's Beyond Global Inc. Class A 
FCBC,First Community Bankshares Inc. (VA)Inc. 
FCFS,FirstCash Holdings Inc. 
FCNCA,First Citizens BancShares Inc. Class A 
FDUS,Fidus Investment Corporation Inc. 
FELE,Franklin Electric Co. Inc. 
FFBC,First Financial BanCorp. 
FFIC,Flushing Financial Corporation Inc. 
FFIN,First Financial Bankshares Inc. 
FFIV,F5 Inc. 
FHB,First Hawaiian Inc. 
FIBK,First Interstate BancSystem Inc.
FIP,FTAI Infrastructure Inc.  
FISI,Financial Institutions Inc. 
FITB,Fifth Third BancorpInc. 
FITBI,Fifth Third Bancorp Depositary Shares
FIVE,Five Below Inc. 
FIVN,Five9 Inc. 
FIZZ,National Beverage Corp. 
FLGT,Fulgent Genetics Inc. 
FLNC,Fluence Energy Inc. Class A 
FLWS,1-800-FLOWERS.COM Inc. 
FLYW,Flywire Corporation VotingInc. 
FMAO,Farmers & Merchants Bancorp Inc. 
FMBH,First Mid Bancshares Inc. 
FMNB,Farmers National Banc Corp. 
FOLD,Amicus Therapeutics Inc. 
FORM,FormFactor Inc. FormFactor Inc. 
FOX,Fox Corporation Class B Inc. 
FOXA,Fox Corporation Class A Inc. 
FOXF,Fox Factory Holding Corp. 
FRBA,First BankInc. 
FRME,First Merchants Corporation Inc. 
FRMEP,First Merchants Corporation Depository Shares
FROG,JFrog Ltd. Ordinary Shares
FRPH,FRP Holdings Inc. 
FRPT,Freshpet Inc. 
FRSH,Freshworks Inc. Class A 
FSBC,Five Star BancorpInc. 
FSBW,FS Bancorp Inc. 
FSLR,First Solar Inc. 
FSUN,FirstSun Capital BancorpInc. 
FTAI,FTAI Aviation Ltd. Inc. 
FTDR,Frontdoor Inc. 
FTNT,Fortinet Inc. 
FTRE,Fortrea Holdings Inc. 
FULC,Fulcrum Therapeutics Inc. 
FULT,Fulton Financial Corporation Inc. 
FWONA,Liberty Media Corporation Series A Liberty Formula OneInc. 
FWONK,Liberty Media Corporation Series C Liberty Formula OneInc. 
FWRD,Forward Air Corporation Inc. 
FWRG,First Watch Restaurant Group Inc. 
FYBR,Frontier Communications Parent Inc. 
GABC,German American Bancorp Inc. 
GAIN,Gladstone Investment Corporation Business Development Company
GBDC,Golub Capital BDC Inc. 
GBFH,GBank Financial Holdings Inc. 
GCBC,Greene County Bancorp Inc. 
GCMG,GCM Grosvenor Inc. Class A 
GCT,GigaCloud Technology Inc Class A Ordinary Shares
GDEN,Golden Entertainment Inc. 
GDRX,GoodRx Holdings Inc. Class A 
GDYN,Grid Dynamics Holdings Inc. Class A 
GEHC,GE HealthCare Technologies Inc.  
GEN,Gen Digital Inc. 
GENVR,Gen Digital Inc. Contingent Value Rights
GERN,Geron Corporation Inc. 
GEVO,Gevo Inc. 
GFS,GlobalFoundries Inc. Ordinary Shares
GH,Guardant Health Inc. 
GIGGU,GigCapital7 Corp. Unit
GIII,G-III Apparel Group LTD. Inc. 
GILD,Gilead Sciences Inc. 
GLAD,Gladstone Capital Corporation Inc. 
GLDD,Great Lakes Dredge & Dock Corporation Inc. 
GLPI,Gaming and Leisure Properties Inc. 
GLXY,Galaxy Digital Inc. Class A 
GNTX,Gentex Corporation Inc. 
GO,Grocery Outlet Holding Corp. 
GOGO,Gogo Inc. 
GOOG,Alphabet Inc. Class C Capital Stock
GOOGL,Alphabet Inc. Class A 
GPCR,Structure Therapeutics Inc. American Depositary Shares
GPRE,Green Plains Inc. 
GRAL,GRAIL Inc.  
GRPN,Groupon Inc. 
GSAT,Globalstar Inc. 
GSBC,Great Southern Bancorp Inc. 
GSHD,Goosehead Insurance Inc. Class A 
GT,The Goodyear Tire & Rubber Company Inc. 
GTLB,GitLab Inc. Class A 
GTM,ZoomInfo Technologies Inc. 
GYRE,Gyre Therapeutics Inc. 
HAFC,Hanmi Financial Corporation Inc. 
HALO,Halozyme Therapeutics Inc. 
HAS,Hasbro Inc. 
HBAN,Huntington BancsharesIncorporated Inc. 
HBCP,Home Bancorp Inc. 
HBNC,Horizon Bancorp Inc. 
HBT,HBT Financial Inc. 
HCKT,Hackett Group Inc (The). Inc. 
HCSG,Healthcare Services Group Inc. 
HDSN,Hudson Technologies Inc. 
HFWA,Heritage Financial Corporation Inc. 
HIFS,Hingham Institution for SavingsInc. 
HLIT,Harmonic Inc. 
HLMN,Hillman Solutions Corp.
HLNE,Hamilton Lane Incorporated Class A Inc. 
HNRG,Hallador Energy Company Inc. 
HNST,The Honest Company Inc. 
HOLX,Hologic Inc. 
HON,Honeywell International Inc. 
HONE,HarborOne Bancorp Inc. 
HOOD,Robinhood Markets Inc. Class A 
HOPE,Hope Bancorp Inc. 
HPK,HighPeak Energy Inc. 
HQY,HealthEquity Inc. 
HRMY,Harmony Biosciences Holdings Inc. 
HROW,Harrow Inc. 
HRTX,Heron Therapeutics Inc. 
HSIC,Henry Schein Inc. 
HSII,Heidrick & Struggles International Inc. 
HST,Host Hotels & Resorts Inc. 
HSTM,HealthStream Inc. 
HTBK,Heritage Commerce CorpInc. 
HTLD,Heartland Express Inc. 
HTZ,Hertz Global Holdings Inc. 
HTZWW,Hertz Global Holdings Inc Warrant
HUBG,Hub Group Inc. Class A 
HUMA,Humacyte Inc. 
HURN,Huron Consulting Group Inc. 
HUT,Hut 8 Corp. 
HWC,Hancock Whitney Corporation Inc. 
HWKN,Hawkins Inc. 
IAC,IAC Inc. 
IART,Integra LifeSciences Holdings Corporation Inc. 
IAS,Integral Ad Science Holding Corp. 
IBCP,Independent Bank Corporation Inc. 
IBKR,Interactive Brokers Group Inc. Class A 
IBOC,International Bancshares Corporation Inc. 
IBRX,ImmunityBio Inc. 
ICFI,ICF International Inc. 
ICHR,Ichor Holdings Ordinary Shares
ICUI,ICU Medical Inc. 
IDCC,InterDigital Inc. 
IDXX,IDEXX Laboratories Inc. 
IDYA,IDEAYA Biosciences Inc. 
IEP,Icahn Enterprises L.P. Inc. 
IESC,IES Holdings Inc. 
IIIV,i3 Verticals Inc. Class A 
ILMN,Illumina Inc. 
IMKTA,Ingles Markets Incorporated Class A Inc. 
IMNM,Immunome Inc. 
IMVT,Immunovant Inc. 
INCY,Incyte Corp. 
INDB,Independent Bank Corp. 
INDI,indie Semiconductor Inc. Class A 
INNV,InnovAge Holding Corp. 
INOD,Innodata Inc. 
INSM,InsmedIncorporated Inc. 
INTA,Intapp Inc. 
INTC,Intel Corporation Inc. 
INTU,Intuit Inc. 
INVA,Innoviva Inc. 
IONS,Ionis Pharmaceuticals Inc. 
IOSP,Innospec Inc. 
IOVA,Iovance Biotherapeutics Inc. 
IPAR,Interparfums Inc. 
IPGP,IPG Photonics Corporation Inc. 
IPX,IperionX Limited American Depositary Share
IRDM,Iridium Communications Inc. 
IRMD,iRadimed Corporation Inc. 
IRON,Disc Medicine Inc. 
IRTC,iRhythm Technologies Inc. 
ISRG,Intuitive Surgical Inc. 
ITIC,Investors Title Company Inc. 
ITOS,iTeos Therapeutics Inc. 
ITRI,Itron Inc. 
JACK,Jack In The Box Inc. 
JAMF,Jamf Holding Corp. 
JANX,Janux Therapeutics Inc. 
JBHT,J.B. Hunt Transport Services Inc. 
JBLU,JetBlue Airways Corporation Inc. 
JBSS,John B. Sanfilippo & Son Inc. 
JJSF,J & J Snack Foods Corp. 
JKHY,Jack Henry & Associates Inc. 
JOUT,Johnson Outdoors Inc. Class A 
KALU,Kaiser Aluminum Corporation Inc. 
KDP,Keurig Dr Pepper Inc. 
KE,Kimball Electronics Inc. 
KELYA,Kelly Services Inc. Class A 
KELYB,Kelly Services Inc. Class B Inc. 
KHC,The Kraft Heinz Company Inc. 
KIDS,OrthoPediatrics Corp. 
KLAC,KLA Corporation Inc. 
KLTR,Kaltura Inc. 
KMB,Kimberly-Clark Corporation Inc. 
KMTS,Kestra Medical Technologies Ltd. Inc. 
KNSA,Kiniksa Pharmaceuticals International plc Class A Ordinary Shares
KRNY,Kearny Financial CorpInc. 
KROS,Keros Therapeutics Inc. 
KRT,Karat Packaging Inc. 
KRUS,Kura Sushi USA Inc. Class A 
KRYS,Krystal Biotech Inc. 
KTOS,Kratos Defense & Security Solutions Inc. 
KURA,Kura Oncology Inc. 
KYMR,Kymera Therapeutics Inc. 
LAB,Standard BioTools Inc. 
LAMR,Lamar Advertising Company Class A Inc. 
LANC,Lancaster Colony Corporation Inc. 
LAND,Gladstone Land Corporation Inc. 
LASR,nLIGHT Inc. 
LAUR,Laureate Education Inc. 
LBRDA,Liberty Broadband Corporation Class A Inc. 
LBRDK,Liberty Broadband Corporation Class C Inc. 
LCID,Lucid Group Inc. 
LE,Lands' End Inc. 
LECO,Lincoln Electric Holdings Inc. Common Shares
LEGH,Legacy Housing Corporation Inc. (TX)
LEGN,Legend Biotech Corporation American Depositary Shares
LENZ,LENZ Therapeutics Inc. 
LFCR,Lifecore Biomedical Inc. 
LFMD,LifeMD Inc. 
LFST,LifeStance Health Group Inc. 
LFUS,Littelfuse Inc. 
LGIH,LGI Homes Inc. 
LGND,Ligand PharmaceuticalsIncorporated Inc. 
LIF,Life360 Inc. 
LILA,Liberty Latin America Ltd. Class A Inc. 
LILAK,Liberty Latin America Ltd. Class C Inc. 
LIN,Linde plc Ordinary Shares
LINC,Lincoln Educational Services Corporation Inc. 
LIND,Lindblad Expeditions Holdings Inc. 
LINE,Lineage Inc. 
LITE,Lumentum Holdings Inc. 
LKFN,Lakeland Financial Corporation Inc. 
LKQ,LKQ Corporation Inc. 
LLYVA,Liberty Media Corporation Series A Liberty Live Inc. 
LLYVK,Liberty Media Corporation Series C Liberty Live Inc. 
LMAT,LeMaitre Vascular Inc. 
LMB,Limbach Holdings Inc. 
LNT,Alliant Energy Corporation Inc. 
LNTH,Lantheus Holdings Inc. 
LNW,Light & Wonder Inc. 
LOCO,El Pollo Loco Holdings Inc. 
LOGI,Logitech International S.A. Ordinary Shares
LOPE,Grand Canyon Education Inc. 
LPLA,LPL Financial Holdings Inc. 
LQDA,Liquidia Corporation Inc. 
LQDT,Liquidity Services Inc. 
LRCX,Lam Research Corporation Inc. 
LSCC,Lattice Semiconductor Corporation Inc. 
LSTR,Landstar System Inc. 
LTBR,Lightbridge Corporation Inc. 
LUNR,Intuitive Machines Inc. Class A 
LWAY,Lifeway Foods Inc. 
LXRX,Lexicon Pharmaceuticals Inc. 
LYFT,Lyft Inc. Class A 
LYTS,LSI Industries Inc. 
LZ,LegalZoom.com Inc. 
MAMA,Mama's Creations Inc. 
MANH,Manhattan Associates Inc. 
MAR,Marriott International Class A Inc. 
MARA,MARA Holdings Inc. 
MASI,Masimo Corporation Inc. 
MAT,Mattel Inc. 
MATW,Matthews International Corporation Class A Inc. 
MAZE,Maze Therapeutics Inc. 
MBIN,Merchants BancorpInc. 
MBINN,Merchants Bancorp Depositary Shares Preferred Series C
MBUU,Malibu Boats Inc. Class A 
MBWM,Mercantile Bank Corporation Inc. 
MBX,MBX Biosciences Inc. 
MCBS,MetroCity Bankshares Inc. 
MCFT,MasterCraft Boat Holdings Inc. 
MCHP,Microchip TechnologyIncorporated Inc. 
MCRI,Monarch Casino & Resort Inc. 
MCW,Mister Car Wash Inc. 
MDB,MongoDB Inc. Class A 
MDGL,Madrigal Pharmaceuticals Inc. 
MDLZ,Mondelez International Inc. Class A 
MDXG,MiMedx Group Inc. 
MEDP,Medpace Holdings Inc. 
META,Meta Platforms Inc. Class A 
METC,Ramaco Resources Inc. Class A 
METCB,Ramaco Resources Inc. Class B Inc. 
MFIC,MidCap Financial Investment Corporation Inc. 
MGEE,MGE Energy Inc
MGNI,Magnite Inc. 
MGPI,MGP Ingredients Inc.
MGRC,McGrath RentCorpInc. 
MGTX,MeiraGTx Holdings plc Ordinary Shares
MIDD,Middleby Corporation (The)Inc. 
MIRM,Mirum Pharmaceuticals Inc. 
MITK,Mitek Systems Inc. 
MKSI,MKS Inc. 
MKTW,MarketWise Inc. Class A 
MKTX,MarketAxess Holdings Inc. 
MLAB,Mesa Laboratories Inc. 
MLKN,MillerKnoll Inc. 
MLTX,MoonLake Immunotherapeutics Class A Ordinary Shares
MLYS,Mineralys Therapeutics Inc. 
MMSI,Merit Medical Systems Inc. 
MNKD,MannKind Corporation Inc. 
MNMD,Mind Medicine (MindMed) Inc. Common Shares
MNRO,Monro Inc. 
MNST,Monster Beverage Corporation
MNTK,Montauk Renewables Inc. 
MOFG,MidWestOne Financial GpInc. 
MORN,Morningstar Inc. 
MPB,Mid Penn BancorpInc. 
MPWR,Monolithic Power Systems Inc. 
MQ,Marqeta Inc. Class A 
MRCY,Mercury Systems Inc. 
MRNA,Moderna Inc. 
MRTN,Marten Transport Ltd. Inc. 
MRVI,Maravai LifeSciences Holdings Inc. Class A 
MRVL,Marvell Technology Inc. 
MSBI,Midland States Bancorp Inc. 
MSEX,Middlesex Water Company Inc. 
MSFT,Microsoft Corporation Inc. 
MSTR,MicroStrategyIncorporated Inc. Class A
MTCH,Match Group Inc. 
MTRX,Matrix Service Company Inc. 
MTSI,MACOM Technology Solutions Holdings Inc. 
MTSR,Metsera Inc. 
MU,Micron Technology Inc. 
MVST,Microvast Holdings Inc. 
MXL,MaxLinear Inc. 
MYGN,Myriad Genetics Inc. 
MYRG,MYR Group Inc. 
NAGE,Niagen Bioscience Inc. 
NATH,Nathan's Famous Inc. 
NAVI,Navient Corporation Inc. 
NBBK,NB Bancorp Inc. 
NBIX,Neurocrine Biosciences Inc. 
NBN,Northeast BankInc. 
NBTB,NBT Bancorp Inc. 
NCMI,National CineMedia Inc. 
NCNO,nCino Inc. 
NDAQ,Nasdaq Inc. 
NDSN,Nordson Corporation Inc. 
NECB,NorthEast Community Bancorp Inc. 
NEO,NeoGenomics Inc. 
NEOG,Neogen Corporation Inc. 
NESR,National Energy Services Reunited Corp Ordinary Shares
NEXT,NextDecade Corporation Inc. 
NFBK,Northfield Bancorp Inc. 
NFE,New Fortress Energy Inc. Class A 
NFLX,Netflix Inc. 
NKTR,Nektar Therapeutics Inc. 
NMFC,New Mountain Finance Corporation Inc. 
NMIH,NMI Holdings Inc. 
NMRK,Newmark Group Inc. Class A 
NN,NextNav Inc. 
NNAVW,NextNav Inc. Warrant
NNE,Nano Nuclear Energy Inc. 
NOVT,Novanta Inc. 
NPCE,Neuropace Inc. 
NRC,National Research Corporation Inc.
NRDS,NerdWallet Inc. Class A 
NRIM,Northrim BanCorp Inc. 
NRIX,Nurix Therapeutics Inc. 
NSIT,Insight Enterprises Inc. 
NSSC,NAPCO Security Technologies Inc. 
NTAP,NetApp Inc. 
NTCT,NetScout Systems Inc. 
NTGR,NETGEAR Inc. 
NTLA,Intellia Therapeutics Inc. 
NTNX,Nutanix Inc. Class A 
NTRA,Natera Inc. 
NTRS,Northern Trust Corporation Inc. 
NUTX,Nutex Health Inc. 
NUVL,Nuvalent Inc. Class A 
NVAX,Novavax Inc. 
NVDA,NVIDIA Corporation Inc. 
NVEC,NVE Corporation Inc. 
NVEE,NV5 Global Inc. 
NVTS,Navitas Semiconductor Corporation Inc. 
NWBI,Northwest Bancshares Inc. 
NWE,NorthWestern Energy Group Inc. 
NWL,Newell Brands Inc. 
NWPX,NWPX Infrastructure Inc. 
NWS,News Corporation Class B Inc. 
NWSA,News Corporation Class A Inc. 
NXST,Nexstar Media Group Inc. 
NXT,Nextracker Inc. Class A 
NXXT,NextNRG Inc. 
NYMT,New York Mortgage Trust Inc. 
OCFC,OceanFirst Financial Corp. 
OCGN,Ocugen Inc. 
OCSL,Oaktree Specialty Lending Corporation Inc. 
OCUL,Ocular Therapeutix Inc. 
ODFL,Old Dominion Freight Line Inc. 
ODP,The ODP Corporation Inc. 
OFLX,Omega Flex Inc. 
OKTA,Okta Inc. Class A 
OLED,Universal Display Corporation Inc. 
OLLI,Ollie's Bargain Outlet Holdings Inc. 
OLMA,Olema Pharmaceuticals Inc. 
OLPX,Olaplex Holdings Inc. 
OM,Outset Medical Inc. 
OMCL,Omnicell Inc.  ($0.001 par value)
OMDA,Omada Health Inc. 
ON,ON Semiconductor Corporation Inc. 
ONB,Old National BancorpInc. 
OPAL,OPAL Fuels Inc. Class A 
OPCH,Option Care Health Inc. 
OPEN,Opendoor Technologies Inc. 
OPK,OPKO Health Inc. 
ORGO,Organogenesis Holdings Inc. Class A 
ORIC,Oric Pharmaceuticals Inc. 
ORKA,Oruka Therapeutics Inc. 
ORLY,O'Reilly Automotive Inc. 
ORRF,Orrstown Financial Services Inc. 
OS,OneStream Inc. Class A 
OSBC,Old Second Bancorp Inc. 
OSIS,OSI Systems Inc.
OSPN,OneSpan Inc. 
OTTR,Otter Tail Corporation Inc. 
OUST,Ouster Inc. 
OXLC,Oxford Lane Capital Corp. 
OZK,Bank OZKInc. 
PAA,Plains All American Pipeline L.P.
PACB,Pacific Biosciences of California Inc. 
PAGP,Plains GP Holdings L.P. Class A
PAHC,Phibro Animal Health Corporation Class A Inc. 
PANL,Pangaea Logistics Solutions Ltd. Common Shares
PANW,Palo Alto Networks Inc. 
PARA,Paramount Global Class B Inc. 
PARAA,Paramount Global Class A Inc. 
PATK,Patrick Industries Inc. 
PAYO,Payoneer Global Inc. 
PAYS,Paysign Inc. 
PAYX,Paychex Inc. 
PBFS,Pioneer Bancorp Inc. 
PBPB,Potbelly Corporation Inc. 
PCAR,PACCAR Inc. 
PCH,PotlatchDeltic Corporation Inc. 
PCRX,Pacira BioSciences Inc. 
PCT,PureCycle Technologies Inc. 
PCTTW,PureCycle Technologies Inc. Warrant
PCTY,Paylocity Holding Corporation Inc. 
PCVX,Vaxcyte Inc. 
PDFS,PDF Solutions Inc. 
PDLB,Ponce Financial Group Inc. 
PDYN,Palladyne AI Corp. 
PEBO,Peoples Bancorp Inc. 
PECO,Phillips Edison & Company Inc. 
PEGA,Pegasystems Inc. 
PENG,Penguin Solutions Inc. Ordinary Shares
PENN,PENN Entertainment Inc. 
PEP,PepsiCo Inc. 
PFBC,Preferred BankInc. 
PFG,Principal Financial Group Inc. 
PFIS,Peoples Financial Services Corp. 
PGC,Peapack-Gladstone Financial Corporation Inc. 
PGEN,Precigen Inc. 
PGNY,Progyny Inc. 
PGY,Pagaya Technologies Ltd. Class A Ordinary Shares
PHAT,Phathom Pharmaceuticals Inc. 
PHLT,Performant Healthcare Inc. 
PI,Impinj Inc. 
PINC,Premier Inc. Class A 
PLAB,Photronics Inc. 
PLAY,Dave & Buster's Entertainment Inc. 
PLMR,Palomar Holdings Inc. 
PLPC,Preformed Line Products Company Inc. 
PLSE,Pulse Biosciences Inc.
PLTR,Palantir Technologies Inc. Class A 
PLUG,Plug Power Inc. 
PLUS,ePlus Inc. 
PLXS,Plexus Corp. 
PNFP,Pinnacle Financial Partners Inc. 
PNTG,The Pennant Group Inc.  
PODD,Insulet Corporation Inc. 
POOL,Pool Corporation Inc. 
POWI,Power Integrations Inc. 
POWL,Powell Industries Inc. 
PPBI,Pacific Premier Bancorp Inc
PPC,Pilgrim's Pride Corporation Inc. 
PRAA,PRA Group Inc. 
PRAX,Praxis Precision Medicines Inc. 
PRCH,Porch Group Inc. 
PRCT,PROCEPT BioRobotics Corporation Inc. 
PRDO,Perdoceo Education Corporation Inc. 
PRGS,Progress Software Corporation Inc.
PRME,Prime Medicine Inc. 
PRTA,Prothena Corporation plc Ordinary Shares
PRTC,PureTech Health plc American Depositary Shares
PRTH,Priority Technology Holdings Inc. 
PRVA,Privia Health Group Inc. 
PSEC,Prospect Capital Corporation Inc. 
PSIX,Power Solutions International Inc. 
PSMT,PriceSmart Inc. 
PSNL,Personalis Inc. 
PTC,PTC Inc. 
PTCT,PTC Therapeutics Inc. 
PTEN,Patterson-UTI Energy Inc. 
PTGX,Protagonist Therapeutics Inc. 
PTLO,Portillo's Inc. Class A 
PTON,Peloton Interactive Inc. Class A 
PUBM,PubMatic Inc. Class A 
PWP,Perella Weinberg Partners Class A Inc. 
PYPL,PayPal Holdings Inc. 
PZZA,Papa John's International Inc. 
QCOM,QUALCOMMIncorporated Inc. 
QCRH,QCR Holdings Inc. 
QDEL,QuidelOrtho Corporation Inc. 
QLYS,Qualys Inc. 
QNST,QuinStreet Inc. 
QRVO,Qorvo Inc. 
QSI,Quantum-Si Incorporated Class A Inc. 
QUBT,Quantum Computing Inc. 
RAPP,Rapport Therapeutics Inc. 
RARE,Ultragenyx Pharmaceutical Inc. 
RBB,RBB BancorpInc. 
RBBN,Ribbon Communications Inc. 
RBCAA,Republic Bancorp Inc. Class A 
RCAT,Red Cat Holdings Inc. 
RDFN,Redfin Corporation Inc. 
RDNT,RadNet Inc. 
RDUS,Radius Recycling Inc. Class A 
RDVT,Red Violet Inc.  
REAL,The RealReal Inc. 
REFI,Chicago Atlantic Real Estate Finance Inc. 
REG,Regency Centers Corporation Inc. 
REGN,Regeneron Pharmaceuticals Inc. 
RELY,Remitly Global Inc. 
REPL,Replimune Group Inc. 
REYN,Reynolds Consumer Products Inc. 
RGEN,Repligen Corporation Inc. 
RGLD,Royal Gold Inc. 
RGNX,REGENXBIO Inc. 
RGTI,Rigetti Computing Inc. 
RGTIW,Rigetti Computing Inc. Warrants
RICK,RCI Hospitality Holdings Inc. 
RIGL,Rigel Pharmaceuticals Inc. 
RIOT,Riot Platforms Inc.  
RIVN,Rivian Automotive Inc. Class A 
RKLB,Rocket Lab Corporation Inc. 
RLAY,Relay Therapeutics Inc. 
RMBS,Rambus Inc. 
RMNI,Rimini Street Inc. 
RMR,The RMR Group Inc. Class A 
RNA,Avidity Biosciences Inc. 
ROAD,Construction Partners Inc. Class A 
ROCK,Gibraltar Industries Inc. 
ROKU,Roku Inc. Class A 
ROOT,Root Inc. Class A 
ROP,Roper Technologies Inc. 
ROST,Ross Stores Inc. 
RPAY,Repay Holdings Corporation Class A Inc. 
RPD,Rapid7 Inc. 
RPRX,Royalty Pharma plc Class A Ordinary Shares 
RRBI,Red River Bancshares Inc. 
RRR,Red Rock Resorts Inc. Class A 
RSVR,Reservoir Media Inc. 
RUM,Rumble Inc. Class A 
RUMBW,Rumble Inc. Warrant
RUN,Sunrun Inc. 
RUSHA,Rush Enterprises Inc. Class A
RUSHB,Rush Enterprises Inc. Class B
RVMD,Revolution Medicines Inc. 
RWAY,Runway Growth Finance Corp. 
RXRX,Recursion Pharmaceuticals Inc. Class A 
RXST,RxSight Inc. 
RXT,Rackspace Technology Inc. 
RYTM,Rhythm Pharmaceuticals Inc. 
RZLT,Rezolute Inc. 
SABR,Sabre Corporation Inc. 
SAFT,Safety Insurance Group Inc. 
SAFX,XCF Global Inc. Class A 
SAGE,Sage Therapeutics Inc. 
SAIA,Saia Inc. 
SAIC,Science Applications International Corporation Inc. 
SAIL,SailPoint Inc. 
SANA,Sana Biotechnology Inc. 
SANM,Sanmina Corporation Inc. 
SATS,EchoStar Corporation Inc. 
SBAC,SBA Communications Corporation Class A Inc. 
SBC,SBC Medical Group HoldingsIncorporated Inc. 
SBCF,Seacoast Banking Corporation of FloridaInc. 
SBGI,Sinclair Inc. Class A 
SBRA,Sabra Health Care REIT Inc. 
SBUX,Starbucks Corporation Inc. 
SCHL,Scholastic Corporation Inc. 
SCSC,ScanSource Inc. 
SCVL,Shoe Carnival Inc. 
SDGR,Schrodinger Inc. 
SEAT,Vivid Seats Inc. Class A 
SEIC,SEI Investments Company Inc. 
SENEA,Seneca Foods Corp. Class A Inc. 
SENEB,Seneca Foods Corp. Class B Inc. 
SEPN,Septerna Inc. 
SERV,Serve Robotics Inc. 
SEZL,Sezzle Inc. 
SFD,Smithfield Foods Inc. 
SFIX,Stitch Fix Inc. Class A 
SFM,Sprouts Farmers Market Inc. 
SFNC,Simmons First National Corporation Class A Inc. 
SFST,Southern First Bancshares Inc. 
SGRY,Surgery Partners Inc. 
SHBI,Shore Bancshares Inc. 
SHC,Sotera Health Company Inc. 
SHEN,Shenandoah Telecommunications CoInc. 
SHLS,Shoals Technologies Group Inc. Class A 
SHOO,Steven Madden Ltd. Inc. 
SHYF,The Shyft Group Inc. 
SIBN,SI-BONE Inc. 
SIGA,SIGA Technologies Inc. 
SIGI,Selective Insurance Group Inc. 
SION,Sionna Therapeutics Inc. 
SIRI,SiriusXM Holdings Inc. 
SITM,SiTime Corporation Inc. 
SKWD,Skyward Specialty Insurance Group Inc. 
SKYT,SkyWater Technology Inc. 
SKYW,SkyWest Inc. 
SLAB,Silicon Laboratories Inc. 
SLDB,Solid Biosciences Inc. 
SLDE,Slide Insurance Holdings Inc. 
SLDP,Solid Power Inc. Class A 
SLM,SLM Corporation Inc. 
SLNO,Soleno Therapeutics Inc. 
SLP,Simulations Plus Inc. 
SLRC,SLR Investment Corp. 
SLSN,Solesence Inc. 
SMBC,Southern Missouri Bancorp Inc. 
SMCI,Super Micro Computer Inc. 
SMLR,Semler Scientific Inc. 
SMMT,Summit Therapeutics Inc.  
SMTC,Semtech Corporation Inc. 
SNCY,Sun Country Airlines Holdings Inc. 
SNDK,Sandisk Corporation Inc. 
SNDX,Syndax Pharmaceuticals Inc. 
SNEX,StoneX Group Inc. 
SNPS,Synopsys Inc. 
SOFI,SoFi Technologies Inc.  
SONO,Sonos Inc. 
SOUN,SoundHound AI Inc Class A Inc. 
SOUNW,SoundHound AI Inc. Warrant
SPFI,South Plains Financial Inc. 
SPOK,Spok Holdings Inc. 
SPRY,ARS Pharmaceuticals Inc. 
SPSC,SPS Commerce Inc. 
SPT,Sprout Social Inc Class A Inc. 
SPTN,SpartanNash Company Inc. 
SRCE,1st Source Corporation Inc. 
SRDX,Surmodics Inc. 
SRPT,Sarepta Therapeutics Inc.
SRRK,Scholar Rock Holding Corporation Inc. 
SSBK,Southern States Bancshares Inc. 
SSNC,SS&C Technologies Holdings Inc. 
SSYS,Stratasys Ltd. Ordinary Shares (Israel)
STAA,STAAR Surgical Company Inc. 
STBA,S&T Bancorp Inc. 
STEP,StepStone Group Inc. Class A 
STLD,Steel Dynamics Inc.
STOK,Stoke Therapeutics Inc. 
STRA,Strategic Education Inc. 
STRL,Sterling Infrastructure Inc. 
SUPN,Supernus Pharmaceuticals Inc. 
SVC,Service Properties TrustInc. 
SVRA,Savara Inc. 
SWBI,Smith & Wesson Brands Inc. 
SWIM,Latham Group Inc. 
SWKS,Skyworks Solutions Inc. 
SWTX,SpringWorks Therapeutics Inc. 
SYBT,Stock Yards Bancorp Inc. 
SYM,Symbotic Inc. Class A 
SYNA,SynapticsIncorporated Inc. $0.001 Par Value
SYRE,Spyre Therapeutics Inc. 
TACO,Berto Acquisition Corp. Ordinary Shares
TALK,Talkspace Inc. 
TARS,Tarsus Pharmaceuticals Inc. 
TASK,TaskUs Inc. Class A 
TBBK,The Bancorp Inc. 
TBLD,Thornburg Income Builder Opportunities TrustInc. 
TBRG,TruBridge Inc. 
TCBI,Texas Capital Bancshares Inc. 
TCBK,TriCo BancsharesInc. 
TCBX,Third Coast Bancshares Inc. 
TCPC,BlackRock TCP Capital Corp. 
TDUP,ThredUp Inc. Class A 
TECH,Bio-Techne CorpInc. 
TECX,Tectonic Therapeutic Inc. 
TEM,Tempus AI Inc. Class A 
TENB,Tenable Holdings Inc. 
TER,Teradyne Inc. 
TERN,Terns Pharmaceuticals Inc. 
TFIN,Triumph Financial Inc. 
TFSL,TFS Financial Corporation Inc. 
TGTX,TG Therapeutics Inc. 
TH,Target Hospitality Corp. 
THFF,First Financial Corporation Inc. 
THRM,Gentherm Inc. 
THRY,Thryv Holdings Inc. 
TILE,Interface Inc. 
TIPT,Tiptree Inc. 
TITN,Titan Machinery Inc. 
TLN,Talen Energy Corporation Inc. 
TLRY,Tilray Brands Inc.  
TMCI,Treace Medical Concepts Inc. 
TMDX,TransMedics Group Inc. 
TMUS,T-Mobile US Inc. 
TNDM,Tandem Diabetes Care Inc. 
TNGX,Tango Therapeutics Inc.
TOWN,TowneBankInc. 
TPG,TPG Inc. Class A 
TREE,LendingTree Inc. 
TRI,Thomson Reuters Corporation Common Shares
TRIN,Trinity Capital Inc. 
TRIP,TripAdvisor Inc. 
TRMB,Trimble Inc. 
TRMK,Trustmark Corporation Inc. 
TRML,Tourmaline Bio Inc. 
TRNS,Transcat Inc. 
TROW,T. Rowe Price Group Inc. 
TRS,TriMas Corporation Inc. 
TRST,TrustCo Bank Corp NYInc. 
TRUP,Trupanion Inc. 
TRVI,Trevi Therapeutics Inc. 
TSCO,Tractor Supply Company Inc. 
TSHA,Taysha Gene Therapies Inc. 
TSLA,Tesla Inc. 
TSSI,TSS Inc. 
TTAN,ServiceTitan Inc. Class A 
TTD,The Trade Desk Inc. Class A 
TTEK,Tetra Tech Inc. 
TTGT,TechTarget Inc. 
TTMI,TTM Technologies Inc. 
TTWO,Take-Two Interactive Software Inc. 
TVTX,Travere Therapeutics Inc. 
TW,Tradeweb Markets Inc. Class A 
TWFG,TWFG Inc. Class A 
TWST,Twist Bioscience Corporation Inc. 
TXG,10x Genomics Inc. Class A 
TXN,Texas InstrumentsIncorporated Inc. 
TXRH,Texas Roadhouse Inc. 
TYRA,Tyra Biosciences Inc. 
UAL,United Airlines Holdings Inc. 
UBSI,United Bankshares Inc. 
UCTT,Ultra Clean Holdings Inc. 
UDMY,Udemy Inc. 
UFCS,United Fire Group Inc. 
UFPI,UFP Industries Inc. 
UFPT,UFP Technologies Inc. 
ULCC,Frontier Group Holdings Inc. 
ULH,Universal Logistics Holdings Inc. 
ULTA,Ulta Beauty Inc. 
UMBF,UMB Financial Corporation Inc. 
UNIT,Uniti Group Inc. 
UNTY,Unity Bancorp Inc. 
UPB,Upstream Bio Inc. 
UPBD,Upbound Group Inc. 
UPST,Upstart Holdings Inc. 
UPWK,Upwork Inc. 
URBN,Urban Outfitters Inc. 
USAR,USA Rare Earth Inc. Class A 
USCB,USCB Financial Holdings Inc. Class A 
USLM,United States Lime & Minerals Inc. 
UTHR,United Therapeutics Corporation Inc. 
UVSP,Univest Financial Corporation Inc. 
VALU,Value Line Inc. 
VBTX,Veritex Holdings Inc. 
VC,Visteon Corporation Inc. 
VCEL,Vericel Corporation Inc. 
VCTR,Victory Capital Holdings Inc. Class A 
VCYT,Veracyte Inc. 
VECO,Veeco Instruments Inc. 
VERA,Vera Therapeutics Inc. Class A 
VERV,Verve Therapeutics Inc. 
VERX,Vertex Inc. Class A 
VIAV,Viavi Solutions Inc. 
VICR,Vicor Corporation Inc. 
VIGL,Vigil Neuroscience Inc. 
VIR,Vir Biotechnology Inc. 
VITL,Vital Farms Inc. 
VKTX,Viking Therapeutics Inc. 
VLGEA,Village Super Market Inc. Class A 
VLY,Valley National BancorpInc. 
VMEO,Vimeo Inc. 
VNOM,Viper Energy Inc. Class A 
VRDN,Viridian Therapeutics Inc. 
VREX,Varex Imaging Corporation Inc. 
VRNS,Varonis Systems Inc. 
VRNT,Verint Systems Inc. 
VRRM,Verra Mobility Corporation Class A Inc. 
VRSK,Verisk Analytics Inc. 
VRSN,VeriSign Inc. 
VRTX,Vertex PharmaceuticalsIncorporated Inc. 
VSAT,ViaSat Inc. 
VSEC,VSE Corporation Inc. 
VTRS,Viatris Inc. 
WABC,Westamerica BanCorporation Inc. 
WAFD,WaFd Inc. 
WAFDP,WaFd Inc. Depositary Shares
WALD,Waldencast plc Class A Ordinary Share
WASH,Washington Trust Bancorp Inc. 
WAY,Waystar Holding Corp. 
WBA,Walgreens Boots Alliance Inc. 
WBD,Warner Bros. Discovery Inc. Series A Inc. 
WBTN,WEBTOON Entertainment Inc. 
WDAY,Workday Inc. Class A 
WDC,Western Digital Corporation Inc. 
WDFC,WD-40 Company Inc. 
WEN,Wendy's Company (The)Inc. 
WERN,Werner Enterprises Inc. 
WEST,Westrock Coffee Company Inc. 
WEYS,Weyco Group Inc. 
WFRD,Weatherford International plc Ordinary Shares
WGS,GeneDx Holdings Corp. Class A Inc. 
WINA,Winmark Corporation Inc. 
WING,Wingstop Inc. 
WLDN,Willdan Group Inc. 
WLFC,Willis Lease Finance Corporation Inc. 
WMG,Warner Music Group Corp. Class A Inc. 
WOOF,Petco Health and Wellness Company Inc. Class A 
WRLD,World Acceptance Corporation Inc. 
WSBC,WesBanco Inc. 
WSC,WillScot Holdings Corporation Class A Inc. 
WSFS,WSFS Financial Corporation Inc. 
WTBA,West BanCorporation Inc. 
WTFC,Wintrust Financial Corporation Inc. 
WULF,TeraWulf Inc. 
WWD,Woodward Inc. 
WYNN,Wynn Resorts LimitedInc. 
XEL,Xcel Energy Inc. 
XERS,Xeris Biopharma Holdings Inc. 
XMTR,Xometry Inc. Class A 
XNCR,Xencor Inc. 
XOMA,XOMA Royalty Corporation Inc. 
XPEL,XPEL Inc. 
XRAY,DENTSPLY SIRONA Inc. 
XRX,Xerox Holdings Corporation Inc. 
YORW,York Water Company (The)Inc. 
Z,Zillow Group Inc. Class C Capital Stock
ZBIO,Zenas BioPharma Inc. 
ZBRA,Zebra Technologies Corporation Class A Inc. 
ZD,Ziff Davis Inc. 
ZEUS,Olympic Steel Inc. 
ZG,Zillow Group Inc. Class A 
ZION,Zions Bancorporation N.A. Inc. 
ZM,Zoom Communications Inc. Class A 
ZS,Zscaler Inc. 
ZVRA,Zevra Therapeutics Inc. 
ZYME,Zymeworks Inc. 
HSBA.L,HSBC Holdings
BP.L,BP plc
GSK.L,GlaxoSmithKline
AZN.L,AstraZeneca
RIO.L,Rio Tinto
VOD.L,Vodafone Group
LLOY.L,Lloyds Banking Group
DGE.L,Diageo
BARC.L,Barclays
ULVR.L,Unilever
RY.TO,Royal Bank of Canada
TD.TO,Toronto-Dominion Bank
BNS.TO,Bank of Nova Scotia
ENB.TO,Enbridge
CNQ.TO,Canadian Natural Resources
BCE.TO,BCE Inc.
SHOP.TO,Shopify
TRP.TO,TC Energy
CNR.TO,Canadian National Railway
ABX.TO,Barrick Gold
0700.HK,Tencent Holdings
0941.HK,China Mobile
1299.HK,AIA Group
0883.HK,CNOOC
0005.HK,HSBC Holdings
3988.HK,Bank of China
0388.HK,Hong Kong Exchanges
0939.HK,China Construction Bank
0762.HK,China Unicom
0001.HK,CK Hutchison
CBA.AX,Commonwealth Bank of Australia
BHP.AX,BHP Group
ANZ.AX,ANZ Banking Group
NAB.AX,National Australia Bank
WES.AX,Wesfarmers
WOW.AX,Woolworths
CSL.AX,CSL Limited
WBC.AX,Westpac Banking Corporation
MQG.AX,Macquarie Group
TLS.AX,Telstra Corporation
RELIANCE.NS,Reliance Industries
TCS.NS,Tata Consultancy Services
HDFC.NS,HDFC Bank
INFY.NS,Infosys
HDFCBANK.NS,HDFC Bank
ICICIBANK.NS,ICICI Bank
ITC.NS,ITC Ltd
LT.NS,Larsen & Toubro
SBIN.NS,State Bank of India
AXISBANK.NS,Axis Bank
ADS.DE,Adidas
ALV.DE,Allianz
BAS.DE,BASF
BMW.DE,BMW
DAI.DE,Daimler
DBK.DE,Deutsche Bank
DTE.DE,Deutsche Telekom
EOAN.DE,E.ON
SAP.DE,SAP
VOW3.DE,Volkswagen
